date,kse_close
2010-01-04,9437.849999999999
2010-01-05,9659.27
2010-01-06,9727.359999999999
2010-01-07,9737.47
2010-01-08,9776.210000000001
2010-01-11,9797
2010-01-12,9778.359999999999
2010-01-13,9784.849999999999
2010-01-14,9802.449999999999
2010-01-15,9923.140000000001
2010-01-18,9895.46
2010-01-19,9954.41
2010-01-20,9904.740000000002
2010-01-21,9753.84
2010-01-22,9774.07
2010-01-25,9689.2
2010-01-26,9666.48
2010-01-27,9603.55
2010-01-28,9579.81
2010-01-29,9614.19
2010-02-01,9591.5
2010-02-02,9595.240000000002
2010-02-03,9627.630000000001
2010-02-04,9769.730000000001
2010-02-08,9809.98
2010-02-09,9786.46
2010-02-10,9733.359999999999
2010-02-11,9802.8
2010-02-12,9805.869999999999
2010-02-15,9701.81
2010-02-16,9769.68
2010-02-17,9867.09
2010-02-18,9889.3
2010-02-19,9902.62
2010-02-22,9953.07
2010-02-23,9823.57
2010-02-24,9686.18
2010-02-25,9667.17
2010-02-26,9657.79
2010-03-01,9498.56
2010-03-02,9546.38
2010-03-03,9419.43
2010-03-04,9511.53
2010-03-05,9626.29
2010-03-08,9740.19
2010-03-09,9787.03
2010-03-10,9784.98
2010-03-11,9879.7
2010-03-12,10025.99
2010-03-15,10088.449999999999
2010-03-16,10017.710000000001
2010-03-17,9989.81
2010-03-18,10007.869999999999
2010-03-19,10000.93
2010-03-22,9963.349999999999
2010-03-24,10146.27
2010-03-25,10127.03
2010-03-26,10137.93
2010-03-29,10056.46
2010-03-30,10073.76
2010-03-31,10178.43
2010-04-01,10246.77
2010-04-02,10416.51
2010-04-05,10447.84
2010-04-06,10419.82
2010-04-07,10523.01
2010-04-08,10533.57
2010-04-09,10586.46
2010-04-12,10557.19
2010-04-13,10506.2
2010-04-14,10570.88
2010-04-15,10677.47
2010-04-16,10659.210000000001
2010-04-19,10669.88
2010-04-20,10641.52
2010-04-21,10590.210000000001
2010-04-22,10615.15
2010-04-23,10607.03
2010-04-26,10556.369999999999
2010-04-27,10556.38
2010-04-28,10519.02
2010-04-29,10454.630000000001
2010-04-30,10428.12
2010-05-03,10389.46
2010-05-04,10467.76
2010-05-05,10561.740000000002
2010-05-06,10553.12
2010-05-07,10271.47
2010-05-10,10288.140000000001
2010-05-11,10208.81
2010-05-12,10222.04
2010-05-13,10279.52
2010-05-14,10271.710000000001
2010-05-17,10033.76
2010-05-18,10082.04
2010-05-19,10050.04
2010-05-20,9993.4
2010-05-21,9871.16
2010-05-24,9687.41
2010-05-25,9428.44
2010-05-26,9611.55
2010-05-27,9439.97
2010-05-28,9521.15
2010-05-31,9326.42
2010-06-01,9294.18
2010-06-02,9499.06
2010-06-03,9621.3
2010-06-04,9636.88
2010-06-07,9791.640000000001
2010-06-08,9763.17
2010-06-09,9678.38
2010-06-10,9379.78
2010-06-11,9471.12
2010-06-14,9229.6
2010-06-15,9250.55
2010-06-16,9436.88
2010-06-17,9676.710000000001
2010-06-18,9645.710000000001
2010-06-21,9662.62
2010-06-22,9682.32
2010-06-23,9715.39
2010-06-24,9791.89
2010-06-25,9796.849999999999
2010-06-28,9671.55
2010-06-29,9702.03
2010-06-30,9721.91
2010-07-01,9730.99
2010-07-02,9697.65
2010-07-05,9637.97
2010-07-06,9575.2
2010-07-07,9789.69
2010-07-08,9860.99
2010-07-09,9974.4
2010-07-12,9979.07
2010-07-13,10114.65
2010-07-14,10187
2010-07-15,10095.8
2010-07-16,10153.849999999999
2010-07-19,10201.849999999999
2010-07-20,10251.53
2010-07-21,10234.03
2010-07-22,10228.859999999999
2010-07-23,10296.04
2010-07-26,10297.68
2010-07-27,10386.82
2010-07-28,10436.29
2010-07-29,10438.66
2010-07-30,10519.02
2010-08-02,10373.53
2010-08-03,10388.640000000001
2010-08-04,10390.27
2010-08-05,10351.720000000001
2010-08-06,10315.2
2010-08-09,10026.2
2010-08-10,9892.32
2010-08-11,9875.68
2010-08-12,9792.81
2010-08-13,9823.369999999999
2010-08-16,9537.130000000001
2010-08-17,9677.88
2010-08-18,9705
2010-08-19,9847.61
2010-08-20,9860.349999999999
2010-08-23,9812.1
2010-08-24,9637.17
2010-08-25,9553.81
2010-08-26,9584.369999999999
2010-08-27,9598.710000000001
2010-08-30,9516.42
2010-08-31,9813.05
2010-09-01,9735.38
2010-09-02,9762.89
2010-09-03,9703.06
2010-09-06,9706.1
2010-09-07,9748.140000000001
2010-09-08,9891.130000000001
2010-09-09,9879.33
2010-09-14,10091.25
2010-09-15,10046.57
2010-09-16,10017.140000000001
2010-09-17,10052.97
2010-09-20,10063.58
2010-09-21,9992.5
2010-09-22,9946.42
2010-09-23,9866.8
2010-09-24,9909.44
2010-09-27,9936.79
2010-09-28,9981.07
2010-09-29,10022.25
2010-09-30,10013.31
2010-10-01,10042.44
2010-10-04,10045.03
2010-10-05,10024.859999999999
2010-10-06,10029.359999999999
2010-10-07,10191.68
2010-10-08,10260.48
2010-10-11,10322.55
2010-10-12,10292.33
2010-10-13,10389.97
2010-10-14,10409.02
2010-10-15,10431.84
2010-10-18,10484.39
2010-10-19,10464.89
2010-10-20,10486.02
2010-10-21,10558.740000000002
2010-10-22,10652.48
2010-10-25,10703.710000000001
2010-10-26,10658.15
2010-10-27,10704.16
2010-10-28,10634.99
2010-10-29,10598.4
2010-11-01,10538.27
2010-11-02,10681.869999999999
2010-11-03,10617.65
2010-11-04,10702.19
2010-11-05,10882
2010-11-08,10992.28
2010-11-10,10941.94
2010-11-11,10905.240000000002
2010-11-12,10874.02
2010-11-15,10909.65
2010-11-16,10965.99
2010-11-22,11205.84
2010-11-23,11171.09
2010-11-24,11154.83
2010-11-25,11135.34
2010-11-26,11145.02
2010-11-29,11163.43
2010-11-30,11234.76
2010-12-01,11221.81
2010-12-02,11343.55
2010-12-03,11406.66
2010-12-06,11440.07
2010-12-07,11431.01
2010-12-08,11629.93
2010-12-09,11569.09
2010-12-10,11620.15
2010-12-13,11596.69
2010-12-14,11672.640000000001
2010-12-15,11786.09
2010-12-20,11843.65
2010-12-21,11825.06
2010-12-22,11848.62
2010-12-23,11792.83
2010-12-24,11858.17
2010-12-27,11909.730000000001
2010-12-28,11848.05
2010-12-29,11886.02
2010-12-30,12031.46
2010-12-31,12022.46
2011-01-03,11849.46
2011-01-04,12110.26
2011-01-05,12140.84
2011-01-06,12323.47
2011-01-07,12389.04
2011-01-10,12306.7
2011-01-11,12267.210000000001
2011-01-12,12281.240000000002
2011-01-13,12459.44
2011-01-14,12533.54
2011-01-17,12681.94
2011-01-18,12658.16
2011-01-19,12577.61
2011-01-20,12411.869999999999
2011-01-21,12431.91
2011-01-24,12370.59
2011-01-25,12455.75
2011-01-26,12483.34
2011-01-27,12477
2011-01-28,12462.7
2011-01-31,12359.359999999999
2011-02-01,12273.38
2011-02-02,12242.39
2011-02-03,12359.05
2011-02-04,12415.349999999999
2011-02-07,12427.359999999999
2011-02-08,12360.94
2011-02-09,12299.28
2011-02-10,12187.47
2011-02-11,11943.34
2011-02-14,11946.09
2011-02-15,12077.84
2011-02-17,12061.77
2011-02-18,12041.15
2011-02-21,11964.68
2011-02-22,11649.38
2011-02-23,11523.42
2011-02-24,11539.26
2011-02-25,11223.52
2011-02-28,11289.220000000001
2011-03-01,11608.43
2011-03-02,11699.19
2011-03-03,11762
2011-03-04,12000.03
2011-03-07,11974.55
2011-03-08,11940.01
2011-03-09,12128.15
2011-03-10,12125.79
2011-03-11,12045.240000000002
2011-03-14,12045.38
2011-03-15,11829.240000000002
2011-03-16,11794.57
2011-03-17,11858.27
2011-03-18,11606.61
2011-03-21,11375.140000000001
2011-03-22,11488.06
2011-03-24,11564.25
2011-03-25,11552.130000000001
2011-03-28,11583.03
2011-03-29,11711.4
2011-03-30,11808.61
2011-03-31,11809.54
2011-04-01,11887.130000000001
2011-04-04,11873.28
2011-04-05,11901.369999999999
2011-04-06,11933.17
2011-04-07,11848.84
2011-04-08,11905.859999999999
2011-04-11,11868.77
2011-04-12,11796.09
2011-04-13,11734.720000000001
2011-04-14,11652.54
2011-04-15,11684.230000000001
2011-04-18,11674.83
2011-04-19,11599.28
2011-04-20,11745.06
2011-04-21,11923.59
2011-04-22,11954.369999999999
2011-04-25,11916.02
2011-04-26,11933.46
2011-04-27,11947.44
2011-04-28,11966.67
2011-04-29,12057.54
2011-05-02,12035.89
2011-05-03,11956.89
2011-05-04,11672.05
2011-05-05,11906.69
2011-05-06,11879.96
2011-05-09,11932.68
2011-05-10,12012.02
2011-05-11,12036.359999999999
2011-05-12,11962.18
2011-05-13,11967.34
2011-05-16,11902.12
2011-05-17,11930.240000000002
2011-05-18,11884.61
2011-05-19,11878.81
2011-05-20,11973.38
2011-05-23,12042.91
2011-05-24,12130.58
2011-05-25,12168.12
2011-05-26,12198.12
2011-05-27,12225.52
2011-05-30,12195.59
2011-05-31,12123.15
2011-06-01,12264.06
2011-06-02,12179.81
2011-06-03,12236.66
2011-06-06,12211.65
2011-06-07,12314.99
2011-06-08,12367.29
2011-06-09,12330.140000000001
2011-06-10,12377.77
2011-06-13,12353.359999999999
2011-06-14,12337.94
2011-06-15,12317.15
2011-06-16,12369.12
2011-06-17,12361.31
2011-06-20,12165.98
2011-06-21,12326.140000000001
2011-06-22,12369.41
2011-06-23,12508.42
2011-06-24,12464.26
2011-06-27,12464.49
2011-06-28,12362.44
2011-06-29,12423.3
2011-06-30,12496.03
2011-07-01,12484.17
2011-07-04,12560.28
2011-07-05,12576.48
2011-07-06,12533.55
2011-07-07,12441.4
2011-07-08,12390.12
2011-07-11,12291.9
2011-07-12,12191.78
2011-07-13,12262.52
2011-07-14,12267.33
2011-07-15,12346.52
2011-07-18,12318.240000000002
2011-07-19,12443.54
2011-07-20,12433.17
2011-07-21,12474.76
2011-07-22,12476.77
2011-07-25,12440.1
2011-07-26,12364.06
2011-07-27,12265.53
2011-07-28,12098.05
2011-07-29,12190.369999999999
2011-08-01,12253.39
2011-08-02,12226.33
2011-08-03,11941.720000000001
2011-08-04,11846.16
2011-08-05,11375.09
2011-08-08,11404.17
2011-08-09,11034.92
2011-08-10,11311.28
2011-08-11,11264.949999999999
2011-08-12,11362.359999999999
2011-08-15,11166.1
2011-08-16,11233.75
2011-08-17,11269.949999999999
2011-08-18,11128.52
2011-08-19,10879.82
2011-08-22,10894.15
2011-08-23,10842.26
2011-08-24,10941.08
2011-08-25,10901.76
2011-08-29,10903.88
2011-08-30,11070.58
2011-09-05,11162.39
2011-09-06,11319.15
2011-09-07,11329.77
2011-09-08,11348.42
2011-09-09,11286.210000000001
2011-09-12,11180.640000000001
2011-09-13,11264.43
2011-09-14,11297.02
2011-09-15,11302.220000000001
2011-09-16,11353.46
2011-09-19,11356.640000000001
2011-09-20,11522.869999999999
2011-09-21,11851.98
2011-09-22,11690.230000000001
2011-09-23,11606.859999999999
2011-09-26,11265.03
2011-09-27,11531.240000000002
2011-09-28,11625.69
2011-09-29,11642.46
2011-09-30,11761.97
2011-10-03,11703.44
2011-10-04,11933.28
2011-10-05,11868.17
2011-10-06,11839
2011-10-07,11853.84
2011-10-10,12092.32
2011-10-11,12054.82
2011-10-12,12059.07
2011-10-13,11966.29
2011-10-14,11988.09
2011-10-17,11975.55
2011-10-18,11912.19
2011-10-19,11640.46
2011-10-20,11685.15
2011-10-21,11525.25
2011-10-25,11517.29
2011-10-26,11387.220000000001
2011-10-27,11283.49
2011-10-28,11561.67
2011-10-31,11868.88
2011-11-01,11762.720000000001
2011-11-02,11746.09
2011-11-03,11807.46
2011-11-04,11957.3
2011-11-10,11969.05
2011-11-11,12038.93
2011-11-14,12008.48
2011-11-15,11994.01
2011-11-16,11992.77
2011-11-17,11913.42
2011-11-18,11937.81
2011-11-21,11894.79
2011-11-22,11767
2011-11-23,11633.97
2011-11-24,11729.4
2011-11-25,11648.140000000001
2011-11-28,11494.15
2011-11-29,11506.94
2011-11-30,11532.83
2011-12-01,11557.369999999999
2011-12-02,11372.210000000001
2011-12-07,11283.89
2011-12-08,11392.57
2011-12-09,11464.61
2011-12-12,11477.12
2011-12-13,11278.02
2011-12-14,11300.99
2011-12-15,11139.52
2011-12-16,11028.140000000001
2011-12-19,11083.03
2011-12-20,11338.04
2011-12-21,11268.55
2011-12-22,11306.1
2011-12-23,11301.09
2011-12-26,11310.349999999999
2011-12-27,11311.38
2011-12-28,11352.59
2011-12-29,11435.57
2011-12-30,11347.66
2012-01-02,11282.01
2012-01-03,11402.04
2012-01-04,11361.97
2012-01-05,11187.88
2012-01-06,11125.349999999999
2012-01-09,11040.3
2012-01-10,10933.18
2012-01-11,10930.49
2012-01-12,10909.12
2012-01-13,11014.46
2012-01-16,11112.65
2012-01-17,11305.16
2012-01-18,11547.710000000001
2012-01-19,11515.59
2012-01-20,11774.68
2012-01-23,12037.66
2012-01-24,11991.38
2012-01-25,11949.75
2012-01-26,11883.92
2012-01-27,11960.210000000001
2012-01-30,11883.01
2012-01-31,11874.89
2012-02-01,11930.55
2012-02-02,11929.78
2012-02-03,11982.62
2012-02-06,12136.92
2012-02-07,12284.62
2012-02-08,12268.47
2012-02-09,12213.240000000002
2012-02-10,12231.6
2012-02-13,12250
2012-02-14,12261.849999999999
2012-02-15,12311.04
2012-02-16,12404.240000000002
2012-02-17,12495.68
2012-02-20,12517.9
2012-02-21,12544.449999999999
2012-02-22,12603.67
2012-02-23,12515.92
2012-02-24,12706.52
2012-02-27,12743.66
2012-02-28,12739.220000000001
2012-02-29,12877.88
2012-03-01,12941.39
2012-03-02,13088.97
2012-03-05,13278.31
2012-03-06,13324.34
2012-03-07,13244.949999999999
2012-03-08,13271.39
2012-03-09,13352.740000000002
2012-03-12,13382.54
2012-03-13,13283.65
2012-03-14,13360.67
2012-03-15,13451.07
2012-03-16,13297.12
2012-03-19,13077.720000000001
2012-03-20,13303.33
2012-03-21,13285.28
2012-03-22,13273.29
2012-03-26,13286.730000000001
2012-03-27,13449.730000000001
2012-03-28,13575.41
2012-03-29,13559.1
2012-03-30,13761.76
2012-04-02,13663.32
2012-04-03,13691.08
2012-04-04,13945.3
2012-04-05,13831.47
2012-04-06,13875.53
2012-04-09,13864.68
2012-04-10,13903.12
2012-04-11,13816.96
2012-04-12,13693.740000000002
2012-04-13,13799.42
2012-04-16,13770.7
2012-04-17,13764.220000000001
2012-04-18,13937.949999999999
2012-04-19,13929.47
2012-04-20,13936.48
2012-04-23,14083.44
2012-04-24,14132.59
2012-04-25,14217.740000000002
2012-04-26,14066.09
2012-04-27,14042.77
2012-04-30,13990.38
2012-05-02,14142.52
2012-05-03,14419.92
2012-05-04,14612.28
2012-05-07,14617.97
2012-05-08,14513.96
2012-05-09,14613.59
2012-05-10,14420.19
2012-05-11,14230.49
2012-05-14,14228.77
2012-05-15,14313.67
2012-05-16,14081.07
2012-05-17,14063.08
2012-05-18,13857.78
2012-05-21,13875.740000000002
2012-05-22,14142.08
2012-05-23,14032.82
2012-05-24,13936.92
2012-05-25,13925.06
2012-05-28,14031.51
2012-05-29,14071.849999999999
2012-05-30,13871.75
2012-05-31,13786.62
2012-06-01,13876.97
2012-06-04,13757.91
2012-06-05,13708.230000000001
2012-06-06,13745.730000000001
2012-06-07,13717.3
2012-06-08,13558.7
2012-06-11,13601.46
2012-06-12,13429.56
2012-06-13,13368.89
2012-06-14,13656.2
2012-06-15,13665.8
2012-06-18,13754.130000000001
2012-06-19,13682.99
2012-06-20,13667.18
2012-06-21,13600.6
2012-06-22,13730.82
2012-06-25,13642.19
2012-06-26,13656.04
2012-06-27,13799.12
2012-06-28,13805.42
2012-06-29,13801.41
2012-07-02,14142.92
2012-07-03,14200.79
2012-07-04,14178.1
2012-07-05,14170.91
2012-07-06,14310.18
2012-07-09,14379.54
2012-07-10,14374.33
2012-07-11,14380.46
2012-07-12,14401.740000000002
2012-07-13,14332.29
2012-07-16,14384.58
2012-07-17,14445.28
2012-07-18,14596.59
2012-07-19,14568.210000000001
2012-07-20,14564.48
2012-07-23,14527.25
2012-07-24,14512.07
2012-07-25,14564.68
2012-07-26,14553.29
2012-07-27,14526.41
2012-07-30,14511.54
2012-07-31,14577
2012-08-01,14716.859999999999
2012-08-02,14730.67
2012-08-03,14676.43
2012-08-06,14673.77
2012-08-07,14672.240000000002
2012-08-08,14744.140000000001
2012-08-09,14759.59
2012-08-10,14761.49
2012-08-13,14911.97
2012-08-15,14970.92
2012-08-16,15000.08
2012-08-23,15080.55
2012-08-24,15039.18
2012-08-27,15171.66
2012-08-28,15234.48
2012-08-29,15151.31
2012-08-30,15253.710000000001
2012-08-31,15391.58
2012-09-03,15428.49
2012-09-04,15388.130000000001
2012-09-05,15293.39
2012-09-06,15188.53
2012-09-07,15253.949999999999
2012-09-10,15240.19
2012-09-11,15214.02
2012-09-12,15278.48
2012-09-13,15306.51
2012-09-14,15449.6
2012-09-17,15398.68
2012-09-18,15517.19
2012-09-19,15588.66
2012-09-20,15452.640000000001
2012-09-24,15375.52
2012-09-25,15373.46
2012-09-26,15399.42
2012-09-27,15357.59
2012-09-28,15444.82
2012-10-01,15559.94
2012-10-02,15648.29
2012-10-03,15712.210000000001
2012-10-04,15788.96
2012-10-05,15754.39
2012-10-08,15652.01
2012-10-09,15688.240000000002
2012-10-10,15753.82
2012-10-11,15845.3
2012-10-12,15698.359999999999
2012-10-15,15746.9
2012-10-16,15674.3
2012-10-17,15654.62
2012-10-18,15679.19
2012-10-19,15792.75
2012-10-22,15848.630000000001
2012-10-23,15853.84
2012-10-24,15865.53
2012-10-25,15812.720000000001
2012-10-30,15795.93
2012-10-31,15910.11
2012-11-01,15962.369999999999
2012-11-02,16101.55
2012-11-05,16156.359999999999
2012-11-06,16051.140000000001
2012-11-07,16218.01
2012-11-08,16243.27
2012-11-12,16213.68
2012-11-13,16129.720000000001
2012-11-14,16120.52
2012-11-15,16143.07
2012-11-16,16197.740000000002
2012-11-19,16251.38
2012-11-20,16251.79
2012-11-21,16256.97
2012-11-22,16251
2012-11-23,16237.59
2012-11-26,16270.48
2012-11-27,16364.77
2012-11-28,16424.03
2012-11-29,16527.08
2012-11-30,16573.86
2012-12-03,16537.980000000003
2012-12-04,16650.149999999998
2012-12-05,16675.7
2012-12-06,16824.55
2012-12-07,16807.91
2012-12-10,16787.54
2012-12-11,16699.99
2012-12-12,16744.6
2012-12-13,16806.58
2012-12-14,16845.09
2012-12-17,16801.02
2012-12-18,16858.68
2012-12-19,16869.829999999998
2012-12-20,16908.02
2012-12-21,16865.34
2012-12-24,16891.940000000002
2012-12-26,16927.34
2012-12-27,16892.32
2012-12-28,16943.19
2012-12-31,16905.329999999998
2013-01-01,16794.87
2013-01-02,16489.99
2013-01-03,16588.54
2013-01-04,16648.84
2013-01-07,16502.649999999998
2013-01-08,16645.760000000002
2013-01-09,16742.22
2013-01-10,16529.920000000002
2013-01-11,16634.71
2013-01-14,16633.18
2013-01-15,16107.89
2013-01-16,16181.47
2013-01-17,16291.09
2013-01-18,16601.77
2013-01-21,16640.809999999998
2013-01-22,16894.09
2013-01-23,16908.67
2013-01-24,17056.36
2013-01-28,17004.99
2013-01-29,17172.04
2013-01-30,17205.27
2013-01-31,17242.74
2013-02-01,17266.23
2013-02-04,17288.07
2013-02-06,17408.52
2013-02-07,17383.32
2013-02-08,17477.940000000002
2013-02-11,17548.54
2013-02-12,17611.4
2013-02-13,17696.45
2013-02-14,17765.82
2013-02-15,17797.22
2013-02-18,17865.609999999997
2013-02-19,17817.71
2013-02-20,17947.07
2013-02-21,17921.02
2013-02-22,18074.27
2013-02-25,18020.5
2013-02-26,17894.89
2013-02-27,18080.9
2013-02-28,18173.67
2013-03-01,18185.19
2013-03-04,18133.129999999997
2013-03-05,18053.32
2013-03-06,18000.45
2013-03-07,17992.91
2013-03-08,17964.18
2013-03-11,17522.56
2013-03-12,17872.85
2013-03-13,17760.440000000002
2013-03-14,17740.69
2013-03-15,17664.829999999998
2013-03-18,17492
2013-03-19,17693.37
2013-03-20,17753.97
2013-03-21,17913.62
2013-03-22,17963.109999999997
2013-03-25,17961.91
2013-03-26,17872.149999999998
2013-03-27,17897.9
2013-03-28,17947.760000000002
2013-03-29,18043.309999999998
2013-04-01,18272.109999999997
2013-04-02,18345.74
2013-04-03,18575.88
2013-04-04,18613.440000000002
2013-04-05,18636.03
2013-04-08,18653.06
2013-04-09,18713.609999999997
2013-04-10,18723.35
2013-04-11,18764.55
2013-04-12,18714.280000000002
2013-04-15,18524.5
2013-04-16,18361.87
2013-04-17,18394.12
2013-04-18,18614.36
2013-04-19,18631.21
2013-04-22,18605.55
2013-04-23,18647.29
2013-04-24,18779.66
2013-04-25,18885.6
2013-04-26,18917.71
2013-04-29,18822.85
2013-04-30,18982.420000000002
2013-05-02,19034.53
2013-05-03,19226.629999999997
2013-05-06,19256.7
2013-05-07,19262.74
2013-05-08,19472.55
2013-05-09,19661.460000000003
2013-05-10,19916.27
2013-05-13,20244.82
2013-05-14,20472.38
2013-05-15,20566.69
2013-05-16,20416.6
2013-05-17,20537.03
2013-05-20,20814.14
2013-05-21,21168
2013-05-22,21458.9
2013-05-23,21342.649999999998
2013-05-24,21283.77
2013-05-27,20958.86
2013-05-28,21501.72
2013-05-29,21441.12
2013-05-30,21590.66
2013-05-31,21823.05
2013-06-03,22080.85
2013-06-04,22274.51
2013-06-05,22092.420000000002
2013-06-06,22276.7
2013-06-07,22358.960000000003
2013-06-10,22150.74
2013-06-11,22209.07
2013-06-12,22324.57
2013-06-13,22757.72
2013-06-14,22541.64
2013-06-17,22216.460000000003
2013-06-18,21919.62
2013-06-19,22135.72
2013-06-20,22015.04
2013-06-21,21698.35
2013-06-24,21070.12
2013-06-25,21110.34
2013-06-26,21002.57
2013-06-27,21015.34
2013-06-28,21005.69
2013-07-01,21363.16
2013-07-02,21644.17
2013-07-03,21802.86
2013-07-04,21966.960000000003
2013-07-05,22178.34
2013-07-08,22365.72
2013-07-09,22721.22
2013-07-10,22984.940000000002
2013-07-11,22745.64
2013-07-12,23037.32
2013-07-15,23172.35
2013-07-16,23160.89
2013-07-17,22994.72
2013-07-18,23114.97
2013-07-19,23428.93
2013-07-22,23657.809999999998
2013-07-23,23683.27
2013-07-24,23776.22
2013-07-25,23573.68
2013-07-26,23497.07
2013-07-29,23315.149999999998
2013-07-30,23284.809999999998
2013-07-31,23312.77
2013-08-01,23091.86
2013-08-05,22701.3
2013-08-06,22621.93
2013-08-07,23237.19
2013-08-12,23443.14
2013-08-13,23613.2
2013-08-15,23687.89
2013-08-16,23673.3
2013-08-19,23600.23
2013-08-20,23487.23
2013-08-21,23015.27
2013-08-22,22714.32
2013-08-23,22714.68
2013-08-26,22922.24
2013-08-27,22523.71
2013-08-28,22236.329999999998
2013-08-29,22214.73
2013-08-30,22160.85
2013-09-02,21724.68
2013-09-03,21808.480000000003
2013-09-04,21875.829999999998
2013-09-05,22451.460000000003
2013-09-06,22765.87
2013-09-09,22838.84
2013-09-10,22992.17
2013-09-11,23231.68
2013-09-12,23222.21
2013-09-13,23168.280000000002
2013-09-16,23242.68
2013-09-17,23066.5
2013-09-18,22930.06
2013-09-19,23456.980000000003
2013-09-20,23595.609999999997
2013-09-23,23639.97
2013-09-24,23088.49
2013-09-25,23060.9
2013-09-26,22780.82
2013-09-27,22387.309999999998
2013-09-30,21832.68
2013-10-01,21980.420000000002
2013-10-02,22189.67
2013-10-03,22152.35
2013-10-04,22085.960000000003
2013-10-07,21864.85
2013-10-08,22080.47
2013-10-09,21657.22
2013-10-10,21674.980000000003
2013-10-11,21775.39
2013-10-14,21599.780000000002
2013-10-21,21754.95
2013-10-22,22230.43
2013-10-23,22347.29
2013-10-24,22360.85
2013-10-25,22445.59
2013-10-28,22353.2
2013-10-29,22276.649999999998
2013-10-30,22310.59
2013-10-31,22775.85
2013-11-01,22649.09
2013-11-04,22377.829999999998
2013-11-05,22790.7
2013-11-06,23165.21
2013-11-07,23220.21
2013-11-08,23367.149999999998
2013-11-11,23381.08
2013-11-12,23302.460000000003
2013-11-13,23287.06
2013-11-18,23611.24
2013-11-19,23819.43
2013-11-20,23800.97
2013-11-21,23807.24
2013-11-22,23847.57
2013-11-25,23978.29
2013-11-26,23798.7
2013-11-27,23768.35
2013-11-28,24180.49
2013-11-29,24302.19
2013-12-02,24401.57
2013-12-03,24588.47
2013-12-04,24445.38
2013-12-05,24800.69
2013-12-06,24870.55
2013-12-09,24998.89
2013-12-10,24878.68
2013-12-11,24972.9
2013-12-12,25072
2013-12-13,25256.69
2013-12-16,25298.32
2013-12-17,25350.2
2013-12-18,25524.460000000003
2013-12-19,25472.64
2013-12-20,25579.329999999998
2013-12-23,25417.629999999997
2013-12-24,25366.69
2013-12-26,25370.03
2013-12-27,25258.05
2013-12-30,25283.960000000003
2013-12-31,25261.14
2014-01-01,25608.85
2014-01-02,25962.18
2014-01-03,26047.91
2014-01-06,26169.829999999998
2014-01-07,26259.57
2014-01-08,26341.08
2014-01-09,26373.24
2014-01-10,26488.32
2014-01-13,26590.69
2014-01-15,26761.780000000002
2014-01-16,26730.24
2014-01-17,26913.85
2014-01-20,27000.95
2014-01-21,27104.7
2014-01-22,27015.12
2014-01-23,27064.34
2014-01-24,27002.89
2014-01-27,26670.6
2014-01-28,26653.73
2014-01-29,26595.629999999997
2014-01-30,26607.64
2014-01-31,26784.34
2014-02-03,26946.1
2014-02-04,26751.45
2014-02-06,26862.51
2014-02-07,26681.780000000002
2014-02-10,26255.21
2014-02-11,26240.41
2014-02-12,26677.27
2014-02-13,26541.260000000002
2014-02-14,26394.129999999997
2014-02-17,26003.89
2014-02-18,25884.38
2014-02-19,25686.93
2014-02-20,25506.8
2014-02-21,25603.35
2014-02-24,25773.809999999998
2014-02-25,25559.609999999997
2014-02-26,25500.5
2014-02-27,25478.93
2014-02-28,25783.280000000002
2014-03-03,25853.54
2014-03-04,26209.38
2014-03-05,26521.99
2014-03-06,26842.53
2014-03-07,26892.23
2014-03-10,27176.260000000002
2014-03-11,27309.02
2014-03-12,27115.2
2014-03-13,27083.12
2014-03-14,27124.47
2014-03-17,27229.1
2014-03-18,27246.97
2014-03-19,27258.68
2014-03-20,27148.52
2014-03-21,26765.49
2014-03-24,26391.41
2014-03-25,26670.14
2014-03-26,26821.920000000002
2014-03-27,27165.49
2014-03-28,27116.129999999997
2014-03-31,27159.91
2014-04-01,27565.5
2014-04-02,27932.02
2014-04-03,28336.36
2014-04-04,28408.03
2014-04-07,28578.960000000003
2014-04-08,28653.37
2014-04-09,28941.01
2014-04-10,29250.54
2014-04-11,29249.440000000002
2014-04-14,29094.12
2014-04-15,29095.77
2014-04-16,29458.149999999998
2014-04-17,29350.34
2014-04-18,29069.93
2014-04-21,28878.77
2014-04-22,29191.84
2014-04-23,28717.19
2014-04-24,28786.74
2014-04-25,28850.08
2014-04-28,28691.62
2014-04-29,28436.59
2014-04-30,28912.980000000003
2014-05-02,28921.129999999997
2014-05-05,28629.629999999997
2014-05-06,28383.2
2014-05-07,28330.03
2014-05-08,28511.02
2014-05-09,28494.54
2014-05-12,28343.88
2014-05-13,28411.49
2014-05-14,28528.19
2014-05-15,28843.02
2014-05-16,28883.329999999998
2014-05-19,28951.38
2014-05-20,28842.920000000002
2014-05-21,28760.12
2014-05-22,28737.89
2014-05-23,28756
2014-05-26,29020.480000000003
2014-05-27,29048.109999999997
2014-05-28,28987.32
2014-05-29,29543.58
2014-05-30,29737.69
2014-06-02,29789.85
2014-06-03,29504.980000000003
2014-06-04,29452.23
2014-06-05,29417.2
2014-06-06,29509.109999999997
2014-06-09,29472.52
2014-06-10,29540.72
2014-06-11,29783.3
2014-06-12,29766.38
2014-06-13,29730.86
2014-06-16,29651.04
2014-06-17,29324.6
2014-06-18,29157.980000000003
2014-06-19,28674.37
2014-06-20,28691.84
2014-06-23,28999.03
2014-06-24,29057.440000000002
2014-06-25,28981.34
2014-06-26,29188.53
2014-06-27,29343.760000000002
2014-06-30,29652.53
2014-07-01,29701.58
2014-07-02,29676.8
2014-07-03,29697.79
2014-07-04,29619.84
2014-07-07,29528.960000000003
2014-07-08,29497.57
2014-07-09,29477.29
2014-07-10,29353.12
2014-07-11,29318.06
2014-07-14,29705.07
2014-07-15,29683.97
2014-07-16,29776.17
2014-07-17,30177.109999999997
2014-07-18,30224.89
2014-07-21,30413.23
2014-07-22,30402.09
2014-07-23,30465.43
2014-07-24,30474.75
2014-07-28,30314.07
2014-08-04,29647.829999999998
2014-08-05,29676.41
2014-08-06,29382.97
2014-08-07,29537.04
2014-08-08,29380.5
2014-08-11,28071.41
2014-08-12,28304.5
2014-08-13,28505.55
2014-08-15,28917.75
2014-08-18,28852.149999999998
2014-08-19,28630.12
2014-08-20,28664.84
2014-08-21,28865.25
2014-08-22,28871.75
2014-08-25,28519.34
2014-08-26,28243.59
2014-08-27,27811.35
2014-08-28,27774.43
2014-08-29,28567.74
2014-09-01,28493.74
2014-09-02,29260.29
2014-09-03,29595.55
2014-09-04,29604.3
2014-09-05,29513.780000000002
2014-09-08,29585.6
2014-09-09,29728.91
2014-09-10,29691.309999999998
2014-09-11,29858.37
2014-09-12,30044.89
2014-09-15,30070.129999999997
2014-09-16,30180.3
2014-09-17,30136.57
2014-09-18,30094.16
2014-09-19,30016.93
2014-09-22,29993.87
2014-09-23,30143.77
2014-09-24,30095.8
2014-09-25,29940.27
2014-09-26,29705.649999999998
2014-09-29,29383.129999999997
2014-09-30,29726.39
2014-10-01,29996.609999999997
2014-10-02,30071.58
2014-10-03,30103.23
2014-10-09,29978.940000000002
2014-10-10,30158.629999999997
2014-10-13,30394.41
2014-10-14,30355.22
2014-10-15,30120.99
2014-10-16,29982.45
2014-10-17,29883.1
2014-10-20,29711.12
2014-10-21,29694.27
2014-10-22,29940.39
2014-10-23,30025.129999999997
2014-10-24,30098.49
2014-10-27,30238.960000000003
2014-10-28,30225.62
2014-10-29,30113.24
2014-10-30,30204.09
2014-10-31,30376.53
2014-11-05,30593.309999999998
2014-11-06,30663.780000000002
2014-11-07,30930.04
2014-11-10,31281.829999999998
2014-11-11,31303.629999999997
2014-11-12,31629.2
2014-11-13,31441.82
2014-11-14,31344.07
2014-11-17,31702.79
2014-11-18,32006.4
2014-11-19,31756.29
2014-11-20,31239.04
2014-11-21,31494.84
2014-11-24,31316.960000000003
2014-11-25,31223.74
2014-11-26,31454.47
2014-11-27,31270.1
2014-11-28,31197.980000000003
2014-12-01,31299.72
2014-12-02,31680.72
2014-12-03,31872.73
2014-12-04,32090.93
2014-12-05,32148.780000000002
2014-12-08,32010.329999999998
2014-12-09,32084.16
2014-12-10,31781.649999999998
2014-12-11,31779.75
2014-12-12,31589.82
2014-12-15,31690.1
2014-12-16,30876.280000000002
2014-12-17,30667.14
2014-12-18,30827.45
2014-12-19,31011.149999999998
2014-12-22,31491.62
2014-12-23,31750.38
2014-12-24,32000.01
2014-12-26,31993.01
2014-12-29,31906.74
2014-12-30,31953.9
2014-12-31,32131.280000000002
2015-01-01,32480.35
2015-01-02,32731.609999999997
2015-01-05,32757.79
2015-01-06,32668.73
2015-01-07,32835.94
2015-01-08,33117.47
2015-01-09,33324.82
2015-01-12,33418.2
2015-01-13,33371.28999999999
2015-01-14,33585.75
2015-01-15,33765.61
2015-01-16,33786.44
2015-01-19,34014.259999999995
2015-01-20,34121.3
2015-01-21,34329.5
2015-01-22,34146.97
2015-01-23,34026.59
2015-01-26,34466.53
2015-01-27,34538.450000000004
2015-01-28,34386.86
2015-01-29,34408.729999999996
2015-01-30,34443.87
2015-02-02,34676.310000000005
2015-02-03,34826.51
2015-02-04,34672.25
2015-02-06,34656.94
2015-02-09,34570.3
2015-02-10,34432.89
2015-02-11,34203.99
2015-02-12,33786.42
2015-02-13,33943.2
2015-02-16,33796.44
2015-02-17,33801.1
2015-02-18,33718.86
2015-02-19,33942.27
2015-02-20,33993
2015-02-23,33926.7
2015-02-24,33895.46
2015-02-25,33845.3
2015-02-26,33762.8
2015-02-27,33632.189999999995
2015-03-02,33213.58
2015-03-03,33188.77
2015-03-04,33242.94
2015-03-05,33368.83
2015-03-06,33263.659999999996
2015-03-09,32860.57
2015-03-10,32566.59
2015-03-11,32539.609999999997
2015-03-12,32582.68
2015-03-13,32929.09
2015-03-16,32454.91
2015-03-17,32342.260000000002
2015-03-18,31524.980000000003
2015-03-19,31451.62
2015-03-20,31800.260000000002
2015-03-24,31310.73
2015-03-25,31086.51
2015-03-26,30678.97
2015-03-27,29957.829999999998
2015-03-30,28927.04
2015-03-31,30233.87
2015-04-01,30605.05
2015-04-02,31132.25
2015-04-03,31413.960000000003
2015-04-06,31752.17
2015-04-07,31600.73
2015-04-08,31887.3
2015-04-09,32013.91
2015-04-10,32350.93
2015-04-13,32248.45
2015-04-14,32109.87
2015-04-15,32248.86
2015-04-16,32736.43
2015-04-17,33234.729999999996
2015-04-20,33304.64
2015-04-21,33035.77
2015-04-22,33490.64
2015-04-23,33456.74
2015-04-24,33775.119999999995
2015-04-27,33844.28999999999
2015-04-28,33575.94
2015-04-29,33460.01
2015-04-30,33729.96
2015-05-04,33723.53
2015-05-05,33533.64
2015-05-06,33839.28
2015-05-07,33742.880000000005
2015-05-08,33530.3
2015-05-11,32506.36
2015-05-12,33023.8
2015-05-13,32915.44
2015-05-14,33103.729999999996
2015-05-15,33039.189999999995
2015-05-18,32886.06
2015-05-19,32729.55
2015-05-20,32599
2015-05-21,32617.74
2015-05-22,32605.62
2015-05-25,32707.22
2015-05-26,32510.35
2015-05-27,32842.59
2015-05-28,32763.480000000003
2015-05-29,33056.78999999999
2015-06-01,33563.380000000005
2015-06-02,33895.340000000004
2015-06-03,33908.619999999995
2015-06-04,34085.74
2015-06-05,34012.49
2015-06-08,34151.11
2015-06-09,34270.28
2015-06-10,34323.840000000004
2015-06-11,34594.7
2015-06-12,34651.28999999999
2015-06-15,34710.28999999999
2015-06-16,34516.3
2015-06-17,34482
2015-06-18,34674.61
2015-06-19,34526.7
2015-06-22,34278.42
2015-06-23,34133.83
2015-06-24,34331.94
2015-06-25,34077.92
2015-06-26,33885.13
2015-06-29,34093.55
2015-06-30,34398.86
2015-07-01,34843.6
2015-07-02,35186.56
2015-07-03,35456.350000000006
2015-07-06,35502.28
2015-07-07,35537.689999999995
2015-07-08,35328.83
2015-07-09,35147.13
2015-07-10,35112.28999999999
2015-07-13,35496.619999999995
2015-07-14,35446.89
2015-07-15,35699.75
2015-07-16,35887.659999999996
2015-07-22,36056.68
2015-07-23,35934.99
2015-07-24,35815.2
2015-07-27,35175.49
2015-07-28,35274.659999999996
2015-07-29,35676.49
2015-07-30,35730.01
2015-07-31,35741.52
2015-08-03,35824.56
2015-08-04,35921.71
2015-08-05,36156.83
2015-08-06,36228.880000000005
2015-08-07,36222.63
2015-08-10,36084.67
2015-08-11,36205.94
2015-08-12,35892.77
2015-08-13,35937.33
2015-08-17,35588.05
2015-08-18,35546.03
2015-08-19,35461.58
2015-08-20,35219.59
2015-08-21,34519.77
2015-08-24,33100.340000000004
2015-08-25,33798.8
2015-08-26,33537.42
2015-08-27,33961.28999999999
2015-08-28,34447.47
2015-08-31,34726.51
2015-09-01,34456.340000000004
2015-09-02,34309.759999999995
2015-09-03,34397.33
2015-09-04,33891.08
2015-09-07,32944.48
2015-09-08,33474.17
2015-09-09,33830.36
2015-09-10,33792.37
2015-09-11,33672.719999999994
2015-09-14,33384.729999999996
2015-09-15,33191.46
2015-09-16,33345.56
2015-09-17,33152.06
2015-09-18,32760.95
2015-09-21,32826.24
2015-09-22,32882.02
2015-09-23,32822.840000000004
2015-09-28,32690.02
2015-09-29,32214.58
2015-09-30,32287.41
2015-10-01,32750.309999999998
2015-10-02,32969.729999999996
2015-10-05,32784.94
2015-10-06,33202.87
2015-10-07,33376.2
2015-10-08,33469.15
2015-10-09,33843.18
2015-10-12,34183.850000000006
2015-10-13,34031.78
2015-10-14,33974.850000000006
2015-10-15,33921.96
2015-10-16,33954.98
2015-10-19,33966.75
2015-10-20,33910.17
2015-10-21,33943.74
2015-10-22,33945.32
2015-10-26,33860.64
2015-10-27,33843.83
2015-10-28,34061.42
2015-10-29,34332.43
2015-10-30,34261.6
2015-11-02,34226.119999999995
2015-11-03,34275.75
2015-11-04,34522.950000000004
2015-11-05,34454.59
2015-11-06,34426.75
2015-11-09,34336.47
2015-11-10,33958.119999999995
2015-11-11,33934.04
2015-11-12,34264.56
2015-11-13,34144.78
2015-11-16,33946.41
2015-11-17,34065.87
2015-11-18,33949.259999999995
2015-11-19,33908.44
2015-11-20,33857
2015-11-23,33732.91
2015-11-24,33571.59
2015-11-25,33199.86
2015-11-26,33079.37
2015-11-27,32960.27
2015-11-30,32255.2
2015-12-01,31709.36
2015-12-02,32392.93
2015-12-03,32565.14
2015-12-04,32707.91
2015-12-07,32853.54
2015-12-08,32791.71
2015-12-09,33020.259999999995
2015-12-10,33211.92
2015-12-11,33048.51
2015-12-14,32757.82
2015-12-15,32467.04
2015-12-16,32714.6
2015-12-17,33109.54
2015-12-18,32777.04
2015-12-21,32658.97
2015-12-22,32641.09
2015-12-23,32500.75
2015-12-28,32674.04
2015-12-29,32811.89
2015-12-30,32825.03
2015-12-31,32816.310000000005
2016-01-01,33228.950000000004
2016-01-04,33009.13
2016-01-05,32983.47
2016-01-06,32968.259999999995
2016-01-07,32682.5
2016-01-08,32534.85
2016-01-11,32320.05
2016-01-12,32265.649999999998
2016-01-13,32154.17
2016-01-14,31441.02
2016-01-15,31001.49
2016-01-18,30628.4
2016-01-19,31092.609999999997
2016-01-20,30766.01
2016-01-21,30751.8
2016-01-22,30949.02
2016-01-25,31065.129999999997
2016-01-26,31074.38
2016-01-27,31101.38
2016-01-28,31193.73
2016-01-29,31298.6
2016-02-01,31878.149999999998
2016-02-02,31960.609999999997
2016-02-03,32084.06
2016-02-04,32478.980000000003
2016-02-08,32706.22
2016-02-09,32438.45
2016-02-10,32144.59
2016-02-11,31820.54
2016-02-12,31464.16
2016-02-15,31928.149999999998
2016-02-16,31673.16
2016-02-17,31469.7
2016-02-18,31282.440000000002
2016-02-19,31011.77
2016-02-22,30677.68
2016-02-23,30564.5
2016-02-24,30786.6
2016-02-25,30802.53
2016-02-26,31294.08
2016-02-29,31369.51
2016-03-01,31509.109999999997
2016-03-02,31772.9
2016-03-03,32146.58
2016-03-04,32441.74
2016-03-07,33022.6
2016-03-08,33032.850000000006
2016-03-09,32957.98
2016-03-10,32710.56
2016-03-11,32669.16
2016-03-14,32738.56
2016-03-15,32623.02
2016-03-16,32891.08
2016-03-17,32957.75
2016-03-18,33080.4
2016-03-21,33022.87
2016-03-22,32928.3
2016-03-24,32801.880000000005
2016-03-25,32876.55
2016-03-28,32904.32
2016-03-29,32879.67
2016-03-30,32922.4
2016-03-31,33139
2016-04-01,33449.619999999995
2016-04-04,33808.42
2016-04-05,33766.49
2016-04-06,33946.37
2016-04-07,33896.03
2016-04-08,33967.54
2016-04-11,33566.219999999994
2016-04-12,33616.9
2016-04-13,33646.1
2016-04-14,33767.59
2016-04-15,33767.119999999995
2016-04-18,33759.97
2016-04-19,33729.619999999995
2016-04-20,33619.840000000004
2016-04-21,33572.13
2016-04-22,33739.54
2016-04-25,33684.56
2016-04-26,33847.74
2016-04-27,34269.28
2016-04-28,34503.64
2016-04-29,34719.28999999999
2016-05-02,34567.52
2016-05-03,34897.3
2016-05-04,35317.56
2016-05-05,35949.4
2016-05-06,35973.68
2016-05-09,36234.99
2016-05-10,36265.119999999995
2016-05-11,36266.229999999996
2016-05-12,36048.759999999995
2016-05-13,36122.49
2016-05-16,36125.37
2016-05-17,36137.119999999995
2016-05-18,36318.21
2016-05-19,36685.05
2016-05-20,36693.5
2016-05-23,36723.350000000006
2016-05-24,36582.350000000006
2016-05-25,36499.43
2016-05-26,36540.97
2016-05-27,36694.259999999995
2016-05-30,36234.689999999995
2016-05-31,36061.56
2016-06-01,36496.159999999996
2016-06-02,36839.14
2016-06-03,37223
2016-06-06,37352.27
2016-06-07,37392.28999999999
2016-06-08,37426.39
2016-06-09,37414.259999999995
2016-06-10,36940.880000000005
2016-06-13,36979.96
2016-06-14,37517.75
2016-06-15,38559.87
2016-06-16,38751.6
2016-06-17,38776.94
2016-06-20,38469.82
2016-06-21,38415.310000000005
2016-06-22,38149.259999999995
2016-06-23,38237.89
2016-06-24,37389.880000000005
2016-06-27,37039.57
2016-06-28,37076.63
2016-06-29,37786.57
2016-06-30,37783.54
2016-07-04,37966.759999999995
2016-07-11,38367.96
2016-07-12,39031.619999999995
2016-07-13,39049.46
2016-07-14,39257
2016-07-15,39188.47
2016-07-18,39253.25
2016-07-19,39208.880000000005
2016-07-20,39098.78999999999
2016-07-21,39306.78999999999
2016-07-22,39151.78
2016-07-25,39017.32
2016-07-26,39147.33
2016-07-27,39434.97
2016-07-28,39468.98
2016-07-29,39528.82
2016-08-01,39800.64
2016-08-02,39786.93
2016-08-03,39615.759999999995
2016-08-04,39446.7
2016-08-05,39390.21
2016-08-08,39476.17
2016-08-09,39663.71
2016-08-10,39805.880000000005
2016-08-11,39861.6
2016-08-12,39907.64
2016-08-15,40030.52
2016-08-16,40050.17
2016-08-17,40057.52
2016-08-18,39771.2
2016-08-19,39499.08
2016-08-22,39457.950000000004
2016-08-23,39400.189999999995
2016-08-24,39506.58
2016-08-25,39792.1
2016-08-26,39926.7
2016-08-29,40023.02
2016-08-30,39991.78999999999
2016-08-31,39809.58
2016-09-01,39738.67
2016-09-02,39464.65
2016-09-05,39278.11
2016-09-06,39688.97
2016-09-07,40084.87
2016-09-08,40136.93
2016-09-09,40340.229999999996
2016-09-15,40216.350000000006
2016-09-16,40363.68
2016-09-19,40414.719999999994
2016-09-20,40340.46
2016-09-21,39771.42
2016-09-22,40135.310000000005
2016-09-23,39781.950000000004
2016-09-26,40220.759999999995
2016-09-27,40294.380000000005
2016-09-28,40355.02
2016-09-29,40295.52
2016-09-30,40541.810000000005
2016-10-03,40986.310000000005
2016-10-04,41123.97
2016-10-05,41253.46
2016-10-06,41252.17
2016-10-07,41200.48
2016-10-10,41403.97
2016-10-13,41412.04
2016-10-14,41464.310000000005
2016-10-17,41282.719999999994
2016-10-18,40954.219999999994
2016-10-19,40924.14
2016-10-20,41545.950000000004
2016-10-21,41291.43
2016-10-24,40852.03
2016-10-25,40764.759999999995
2016-10-26,40526.810000000005
2016-10-27,39987.310000000005
2016-10-28,39872.880000000005
2016-10-31,39893.840000000004
2016-11-01,41299.87
2016-11-02,41742.75
2016-11-03,41974.46
2016-11-04,41841.56
2016-11-07,42133.54
2016-11-08,42113.91
2016-11-09,42203.63
2016-11-10,42703.99
2016-11-11,42849.119999999995
2016-11-14,42525.93
2016-11-15,42292.67
2016-11-16,42404.47
2016-11-17,42411.8
2016-11-18,42324.94
2016-11-21,42439.04
2016-11-22,42631.58
2016-11-23,42901.02
2016-11-24,42949.729999999996
2016-11-25,42999.659999999996
2016-11-28,43060.71
2016-11-29,42811.27
2016-11-30,42622.37
2016-12-01,42907.36
2016-12-02,43270.9
2016-12-05,43739.97
2016-12-06,44199.4
2016-12-07,44494.99
2016-12-08,44741.98
2016-12-09,45387.229999999996
2016-12-13,45857.89
2016-12-14,46185.27
2016-12-15,46358.350000000006
2016-12-16,46584.53
2016-12-19,46938.59
2016-12-20,47210.06
2016-12-21,46993.310000000005
2016-12-22,46699.78
2016-12-23,46633.99
2016-12-26,46689.729999999996
2016-12-27,46920.47
2016-12-28,47424.63
2016-12-29,47666.659999999996
2016-12-30,47806.97
2017-01-02,48240.28
2017-01-03,48827.55
2017-01-04,48704.99
2017-01-05,48713.63
2017-01-06,49038.229999999996
2017-01-09,49039.41
2017-01-10,48865.78999999999
2017-01-11,49371.6
2017-01-12,49517.02
2017-01-13,49210.5
2017-01-16,48888.54
2017-01-17,48678.65
2017-01-18,48642.21
2017-01-19,49013.82
2017-01-20,49364.83
2017-01-23,49876.18
2017-01-24,49968.92
2017-01-25,49756.77
2017-01-26,50192.36
2017-01-27,49963.77
2017-01-30,48972.24
2017-01-31,48757.67
2017-02-01,49455.86
2017-02-02,49665.97
2017-02-03,49555.83
2017-02-06,49630.04
2017-02-07,49859.39
2017-02-08,49874.96
2017-02-09,49908.15
2017-02-10,49925.08
2017-02-13,49965.63
2017-02-14,49767.91
2017-02-15,49214.15
2017-02-16,49588.3
2017-02-17,49375.71
2017-02-20,48929.119999999995
2017-02-21,49015.09
2017-02-22,48981.65
2017-02-23,49062.259999999995
2017-02-24,49007.99
2017-02-27,48520.75
2017-02-28,48534.229999999996
2017-03-01,48992.159999999996
2017-03-02,49696.08
2017-03-03,49623.810000000005
2017-03-06,49434.89
2017-03-07,49452.71
2017-03-08,49754.719999999994
2017-03-09,49392.44
2017-03-10,49191.75
2017-03-13,48655.719999999994
2017-03-14,48539.06
2017-03-15,48305.83
2017-03-16,48289.659999999996
2017-03-17,48409.350000000006
2017-03-20,48697.65
2017-03-21,49020.21
2017-03-22,49016.78999999999
2017-03-24,48971.05
2017-03-27,48680.159999999996
2017-03-28,48523.41
2017-03-29,48375.63
2017-03-30,47949.33
2017-03-31,48155.93
2017-04-03,48227.75
2017-04-04,48091.25
2017-04-05,47577.310000000005
2017-04-06,47356.6
2017-04-07,47889.37
2017-04-10,47942.950000000004
2017-04-11,48250.07
2017-04-12,48457.259999999995
2017-04-13,47950.58
2017-04-14,47577.06
2017-04-17,47125.119999999995
2017-04-18,46874.37
2017-04-19,47603.48
2017-04-20,48743.56
2017-04-21,49708.65
2017-04-24,50111.67
2017-04-25,49785.17
2017-04-26,49827.51
2017-04-27,49481.7
2017-04-28,49300.9
2017-05-02,48689.42
2017-05-03,48605.14
2017-05-04,49283.64
2017-05-05,49851.13
2017-05-08,50935.91
2017-05-09,51073.14
2017-05-10,51103.53
2017-05-11,51426.01
2017-05-12,51750.91
2017-05-15,52387.87
2017-05-16,51813.189999999995
2017-05-17,51511.41
2017-05-18,50956.6
2017-05-19,50742.03
2017-05-22,51373.51
2017-05-23,52146.97
2017-05-24,52876.46
2017-05-25,52869.01
2017-05-26,52636.87
2017-05-29,52138.9
2017-05-30,51453.159999999996
2017-05-31,50591.57
2017-06-01,48780.810000000005
2017-06-02,48555.3
2017-06-05,50120.93
2017-06-06,50144.63
2017-06-07,50162.810000000005
2017-06-08,49958.33
2017-06-09,49526.92
2017-06-12,47671.8
2017-06-13,48071.04
2017-06-14,47608.64
2017-06-15,47442.729999999996
2017-06-16,46858.56
2017-06-19,46593.340000000004
2017-06-20,44914.44
2017-06-21,45474.46
2017-06-22,46332.310000000005
2017-06-29,46711.850000000006
2017-06-30,46565.28999999999
2017-07-03,44665.41
2017-07-04,45394.06
2017-07-05,45413.42
2017-07-06,44823.11
2017-07-07,45222.15
2017-07-10,46273.810000000005
2017-07-11,44120.58
2017-07-12,43792.189999999995
2017-07-13,43783.55
2017-07-14,44337.44
2017-07-17,44523.21
2017-07-18,45636.36
2017-07-19,45418.7
2017-07-20,45059.93
2017-07-21,45294.39
2017-07-24,45529.2
2017-07-25,45917.9
2017-07-26,45908.39
2017-07-27,45905.759999999995
2017-07-28,45912.03
2017-07-31,46010.450000000004
2017-08-01,46533.43
2017-08-02,46949.04
2017-08-03,47084.340000000004
2017-08-04,46877.37
2017-08-07,46465.659999999996
2017-08-08,45979.7
2017-08-09,45998.810000000005
2017-08-10,45634.02
2017-08-11,45288.49
2017-08-15,43899.450000000004
2017-08-16,44186.96
2017-08-17,43136.06
2017-08-18,43078.380000000005
2017-08-21,42153.380000000005
2017-08-22,41983.159999999996
2017-08-23,42910.78999999999
2017-08-24,42268.619999999995
2017-08-25,42641.75
2017-08-28,41974.219999999994
2017-08-29,41233.08
2017-08-30,41323.65
2017-08-31,41206.99
2017-09-05,41779.2
2017-09-06,41389.99
2017-09-07,40958.55
2017-09-08,41401.02
2017-09-11,41126.83
2017-09-12,41279.3
2017-09-13,42310.119999999995
2017-09-14,42683.57
2017-09-15,42787.189999999995
2017-09-18,42841.41
2017-09-19,43253.259999999995
2017-09-20,43347.03
2017-09-21,42775.04
2017-09-22,42750.189999999995
2017-09-25,42743.65
2017-09-26,42666.229999999996
2017-09-27,42290.15
2017-09-28,42362.87
2017-09-29,42409.27
2017-10-02,42018.9
2017-10-03,41115.78
2017-10-04,40461
2017-10-05,40468.49
2017-10-06,41312.59
2017-10-09,41099.99
2017-10-10,40610.719999999994
2017-10-11,40503.68
2017-10-12,40237.53
2017-10-13,39846.78
2017-10-16,40791.39
2017-10-17,40724.96
2017-10-18,40733.450000000004
2017-10-19,41558.07
2017-10-20,42087.89
2017-10-23,41483.54
2017-10-24,41291.68
2017-10-25,41564.71
2017-10-26,41409.49
2017-10-27,41105.4
2017-10-30,40324.32
2017-10-31,39617.189999999995
2017-11-01,40453.64
2017-11-02,40498.87
2017-11-03,41064
2017-11-06,41030.77
2017-11-07,41049.219999999994
2017-11-08,41259.159999999996
2017-11-09,41790.159999999996
2017-11-10,41435.7
2017-11-13,41239.89
2017-11-14,40943.78
2017-11-15,40662.78999999999
2017-11-16,40813.310000000005
2017-11-17,40844.4
2017-11-20,40316.93
2017-11-21,40548.83
2017-11-22,40591.87
2017-11-23,40266.21
2017-11-24,40248.41
2017-11-27,40032.17
2017-11-28,39634.13
2017-11-29,39672.89
2017-11-30,40010.36
2017-12-04,40049.8
2017-12-05,39945.41
2017-12-06,39907.32
2017-12-07,38784.659999999996
2017-12-08,39080
2017-12-11,38481.7
2017-12-12,38525.11
2017-12-13,38819.65
2017-12-14,38223.55
2017-12-15,38645.9
2017-12-18,38383.97
2017-12-19,37919.42
2017-12-20,38208.06
2017-12-21,38715.77
2017-12-22,39470.89
2017-12-26,39525.75
2017-12-27,40146.729999999996
2017-12-28,40371.310000000005
2017-12-29,40471.48
2018-01-01,40711.04
2018-01-02,41486.87
2018-01-03,41544.27
2018-01-04,41908.71
2018-01-05,42523.99
2018-01-08,43112.119999999995
2018-01-09,42814.340000000004
2018-01-10,43630.74
2018-01-11,43395.28
2018-01-12,42931.87
2018-01-15,42347.49
2018-01-16,42939.68
2018-01-17,43358.97
2018-01-18,43580.880000000005
2018-01-19,44178.83
2018-01-22,44897.21
2018-01-23,44907.2
2018-01-24,45063.21
2018-01-25,44816.71
2018-01-26,44551.13
2018-01-29,44457.3
2018-01-30,44233.11
2018-01-31,44049.05
2018-02-01,44255.48
2018-02-02,44301.2
2018-02-06,43885.51
2018-02-07,44096.49
2018-02-08,43679.87
2018-02-09,43808.8
2018-02-12,43508.59
2018-02-13,43690.36
2018-02-14,43353.04
2018-02-15,42942.350000000006
2018-02-16,43627.1
2018-02-19,43572.67
2018-02-20,43294.950000000004
2018-02-21,42919.78
2018-02-22,43528.51
2018-02-23,43267.2
2018-02-26,42911.02
2018-02-27,42994.96
2018-02-28,43239.44
2018-03-01,43510.39
2018-03-02,43740.49
2018-03-05,43829.07
2018-03-06,43705.1
2018-03-07,43441.18
2018-03-08,43072.74
2018-03-09,43011.259999999995
2018-03-12,43468.24
2018-03-13,43618.07
2018-03-14,43407.719999999994
2018-03-15,43495.07
2018-03-16,43363.21
2018-03-19,43539.6
2018-03-20,44309.74
2018-03-21,44645.950000000004
2018-03-22,45030.219999999994
2018-03-26,45083.57
2018-03-27,45004.189999999995
2018-03-28,45172.99
2018-03-29,45489.619999999995
2018-03-30,45560.3
2018-04-02,45741.43
2018-04-03,46013.340000000004
2018-04-04,46103.61
2018-04-05,46560.82
2018-04-06,46637.619999999995
2018-04-09,46580.619999999995
2018-04-10,46476.729999999996
2018-04-11,46486.49
2018-04-12,46331.71
2018-04-13,46071.86
2018-04-16,45682.24
2018-04-17,45801.729999999996
2018-04-18,45478.63
2018-04-19,45387.77
2018-04-20,45259.340000000004
2018-04-23,45371.950000000004
2018-04-24,45876.7
2018-04-25,45718.340000000004
2018-04-26,45460.87
2018-04-27,45542.78
2018-04-30,45488.86
2018-05-02,45196.37
2018-05-03,44746.63
2018-05-04,44536.91
2018-05-07,44378.52
2018-05-08,44066.96
2018-05-09,43795
2018-05-10,43855.78
2018-05-11,43594.78999999999
2018-05-14,42498.86
2018-05-15,42459.53
2018-05-16,42301.2
2018-05-17,41869.65
2018-05-18,41623.52
2018-05-21,41648.65
2018-05-22,42744.82
2018-05-23,42772.25
2018-05-24,42536.159999999996
2018-05-25,42074.09
2018-05-28,42138.57
2018-05-29,42622.74
2018-05-30,42546.48
2018-05-31,42846.64
2018-06-01,42912.810000000005
2018-06-04,43268.28999999999
2018-06-05,43702.58
2018-06-06,44144.2
2018-06-07,43948.11
2018-06-11,43931.159999999996
2018-06-12,43228.9
2018-06-13,43507.5
2018-06-14,43680.68
2018-06-19,43682.840000000004
2018-06-20,43002.83
2018-06-21,42358.61
2018-06-22,41637.380000000005
2018-06-25,40978.229999999996
2018-06-26,41246.09
2018-06-27,41717.99
2018-06-28,41997.850000000006
2018-06-29,41910.9
2018-07-02,41734.05
2018-07-03,41564.42
2018-07-04,40345.68
2018-07-05,40238.810000000005
2018-07-06,40284.14
2018-07-09,39288.48
2018-07-10,39452.810000000005
2018-07-11,39586.759999999995
2018-07-12,39875.119999999995
2018-07-13,40271
2018-07-16,39665.77
2018-07-17,39932.98
2018-07-18,40897.9
2018-07-19,41795.59
2018-07-20,41221.75
2018-07-23,40463.98
2018-07-24,41339.219999999994
2018-07-26,42089.159999999996
2018-07-27,42786.450000000004
2018-07-30,43556.63
2018-07-31,42712.43
2018-08-01,42810.04
2018-08-02,42330.32
2018-08-03,42505.05
2018-08-06,42808.659999999996
2018-08-07,42760.13
2018-08-08,42731.86
2018-08-09,42923.950000000004
2018-08-10,42842.18
2018-08-13,42637.58
2018-08-15,42446.56
2018-08-16,41960.8
2018-08-17,42446.619999999995
2018-08-20,42425.1
2018-08-24,42588.28999999999
2018-08-27,42745.78
2018-08-28,42544.47
2018-08-29,42249.44
2018-08-30,41863.52
2018-08-31,41742.24
2018-09-03,41581.96
2018-09-04,41753.89
2018-09-05,41620.96
2018-09-06,41266.39
2018-09-07,40854.77
2018-09-10,40684.05
2018-09-11,40759.53
2018-09-12,40522.04
2018-09-13,41049.91
2018-09-14,40920.310000000005
2018-09-17,40520.47
2018-09-18,41238.07
2018-09-19,41320.13
2018-09-24,41004.55
2018-09-25,41036.3
2018-09-26,40909.91
2018-09-27,40851.8
2018-09-28,40998.59
2018-10-01,40929.44
2018-10-02,40800.25
2018-10-03,40560.189999999995
2018-10-04,40087.119999999995
2018-10-05,39226.350000000006
2018-10-08,37898.28999999999
2018-10-09,38504.840000000004
2018-10-10,38792.09
2018-10-11,38398.3
2018-10-12,37517.93
2018-10-15,36767.57
2018-10-16,36663.380000000005
2018-10-17,37647.340000000004
2018-10-18,37982.25
2018-10-19,38430.27
2018-10-22,38345.42
2018-10-23,37714.9
2018-10-24,39271.119999999995
2018-10-25,39631.91
2018-10-26,40556.450000000004
2018-10-29,41453.759999999995
2018-10-30,41609.03
2018-10-31,41649.36
2018-11-01,41716.1
2018-11-02,42004.09
2018-11-05,41493.96
2018-11-06,40958.53
2018-11-07,41543.98
2018-11-08,41367.380000000005
2018-11-09,41388.880000000005
2018-11-12,41096.33
2018-11-13,41152.28
2018-11-14,40994.05
2018-11-15,41428.63
2018-11-16,41660.75
2018-11-19,41352.77
2018-11-20,41419.24
2018-11-22,40874.03
2018-11-23,40869.28
2018-11-26,40771.55
2018-11-27,40894.219999999994
2018-11-28,40704.8
2018-11-29,40638.83
2018-11-30,40496.03
2018-12-03,39160.6
2018-12-04,39602.87
2018-12-05,39303.11
2018-12-06,38300.619999999995
2018-12-07,38562.05
2018-12-10,39299.619999999995
2018-12-11,38851.96
2018-12-12,38307.44
2018-12-13,38011.63
2018-12-14,38585.659999999996
2018-12-17,38309.17
2018-12-18,38115.810000000005
2018-12-19,38063.15
2018-12-20,38236.52
2018-12-21,38251.04
2018-12-24,38308.92
2018-12-26,38218.07
2018-12-27,37853.57
2018-12-28,37167.02
2018-12-31,37066.67
2019-01-01,37995.759999999995
2019-01-02,37795.25
2019-01-03,37542.01
2019-01-04,37547.49
2019-01-07,38562.4
2019-01-08,39052.5
2019-01-09,38921.689999999995
2019-01-10,39090.28
2019-01-11,39049.08
2019-01-14,39412.55
2019-01-15,39614.17
2019-01-16,39271.94
2019-01-17,39243.89
2019-01-18,39306.5
2019-01-21,39543.77
2019-01-22,39902.21
2019-01-23,40057.850000000006
2019-01-24,40289.159999999996
2019-01-25,40264.78
2019-01-28,40420.09
2019-01-29,40624.39
2019-01-30,40607.119999999995
2019-01-31,40799.52
2019-02-01,41112.71
2019-02-04,41614.39
2019-02-06,41505.68
2019-02-07,41332.75
2019-02-08,40887.350000000006
2019-02-11,40326.53
2019-02-12,40596.28
2019-02-13,40544.11
2019-02-14,40506.98
2019-02-15,40486.67
2019-02-18,40219.47
2019-02-19,39957.07
2019-02-20,40279.380000000005
2019-02-21,40070.71
2019-02-22,40016.13
2019-02-25,39606.78999999999
2019-02-26,38821.67
2019-02-27,38692.689999999995
2019-02-28,39054.6
2019-03-01,39539.01
2019-03-04,39749.74
2019-03-05,39688.51
2019-03-06,39568.1
2019-03-07,39294.1
2019-03-08,38950.229999999996
2019-03-11,38924.11
2019-03-12,38896.49
2019-03-13,38928.93
2019-03-14,38808.61
2019-03-15,38306.950000000004
2019-03-18,38851.950000000004
2019-03-19,38612.37
2019-03-20,38547.759999999995
2019-03-21,38384.71
2019-03-22,38531.87
2019-03-25,38128.659999999996
2019-03-26,38329.13
2019-03-27,38965.01
2019-03-28,38552.950000000004
2019-03-29,38649.340000000004
2019-04-01,38354.850000000006
2019-04-02,38036.03
2019-04-03,38022.8
2019-04-04,37516.11
2019-04-05,37521.810000000005
2019-04-08,36921.91
2019-04-09,37129.97
2019-04-10,36579.32
2019-04-11,36787.64
2019-04-12,37337.87
2019-04-15,37504.08
2019-04-16,37381.950000000004
2019-04-17,36752.57
2019-04-18,36811.86
2019-04-19,37292.47
2019-04-22,36901.689999999995
2019-04-23,36404.03
2019-04-24,36504.25
2019-04-25,36796.03
2019-04-26,37130.63
2019-04-29,37026.27
2019-04-30,36784.44
2019-05-02,36547.63
2019-05-03,36122.950000000004
2019-05-06,35605.42
2019-05-07,35631.06
2019-05-08,35035.03
2019-05-09,34887.64
2019-05-10,34716.53
2019-05-13,33900.380000000005
2019-05-14,33885.09
2019-05-15,34291.65
2019-05-16,33971.119999999995
2019-05-17,33166.619999999995
2019-05-20,33250.54
2019-05-21,33442.1
2019-05-22,34637.14
2019-05-23,35581.340000000004
2019-05-24,35703.810000000005
2019-05-27,35697.37
2019-05-28,34949.28
2019-05-29,35959.43
2019-05-30,35974.78999999999
2019-06-03,35505.28999999999
2019-06-10,34567.55
2019-06-11,34659.850000000006
2019-06-12,34937.93
2019-06-13,35403.07
2019-06-14,35572.950000000004
2019-06-17,35168.82
2019-06-18,34681.719999999994
2019-06-19,34656.119999999995
2019-06-20,34995.91
2019-06-21,35125.25
2019-06-24,34471.950000000004
2019-06-25,34190.619999999995
2019-06-26,34088.56
2019-06-27,33774.42
2019-06-28,33901.58
2019-07-01,33996.33
2019-07-02,34307.11
2019-07-03,34896.55
2019-07-04,34570.619999999995
2019-07-05,34190.02
2019-07-08,33742.68
2019-07-09,33855.58
2019-07-10,33840.05
2019-07-11,33875.4
2019-07-12,33672.49
2019-07-15,32958.350000000006
2019-07-16,32972.02
2019-07-17,32981.99
2019-07-18,32309.54
2019-07-19,32458.77
2019-07-22,32584.55
2019-07-23,32715.88
2019-07-24,32401.4
2019-07-25,32446.4
2019-07-26,32103.27
2019-07-29,31734.23
2019-07-30,31658.12
2019-07-31,31938.480000000003
2019-08-01,31839.109999999997
2019-08-02,31666.41
2019-08-05,31180.8
2019-08-06,31000.67
2019-08-07,30277.45
2019-08-08,29737.980000000003
2019-08-09,29429.07
2019-08-16,28764.629999999997
2019-08-19,29562.420000000002
2019-08-20,30419.22
2019-08-21,30972.75
2019-08-22,31884.45
2019-08-23,31350.01
2019-08-26,30520.6
2019-08-27,30584.85
2019-08-28,30637.71
2019-08-29,30158.960000000003
2019-08-30,29672.12
2019-09-02,30057.29
2019-09-03,29809.68
2019-09-04,30244.73
2019-09-05,30214.77
2019-09-06,30467.2
2019-09-11,30954.829999999998
2019-09-12,31546.609999999997
2019-09-13,31481.309999999998
2019-09-16,31928.55
2019-09-17,31908.920000000002
2019-09-18,31555.47
2019-09-19,32184.03
2019-09-20,32111.1
2019-09-23,31751.21
2019-09-24,31829.24
2019-09-25,31565.21
2019-09-26,31433.89
2019-09-27,32070.809999999998
2019-09-30,32078.85
2019-10-01,32254.32
2019-10-02,32363.35
2019-10-03,32752.25
2019-10-04,33033.32
2019-10-07,33636.82
2019-10-08,33476.619999999995
2019-10-09,33523.74
2019-10-10,34027.7
2019-10-11,34475.689999999995
2019-10-14,34186.259999999995
2019-10-15,34083.53
2019-10-16,34281.09
2019-10-17,33898.56
2019-10-18,33870.15
2019-10-21,33084.729999999996
2019-10-22,33198.96
2019-10-23,33439.689999999995
2019-10-24,33762.48
2019-10-25,33657.46
2019-10-28,33861.59
2019-10-29,33797.51
2019-10-30,33761.41
2019-10-31,34203.68
2019-11-01,34377.61
2019-11-04,35277.46
2019-11-05,35358.310000000005
2019-11-06,35653.33
2019-11-07,35758.52
2019-11-08,36002.159999999996
2019-11-11,36803.1
2019-11-12,36765.56
2019-11-13,37166.96
2019-11-14,37243.2
2019-11-15,37583.89
2019-11-18,38411.56
2019-11-19,38564.37
2019-11-20,38037.68
2019-11-21,37101.310000000005
2019-11-22,37925.78999999999
2019-11-25,38212.28
2019-11-26,37795.05
2019-11-27,38122.719999999994
2019-11-28,38706.27
2019-11-29,39287.65
2019-12-02,40124.219999999994
2019-12-03,39788.729999999996
2019-12-04,40270.52
2019-12-05,40641.1
2019-12-06,40732.25
2019-12-09,40442.8
2019-12-10,40664.6
2019-12-11,40531.42
2019-12-12,40514.17
2019-12-13,40916.59
2019-12-16,41644.880000000005
2019-12-17,41768.659999999996
2019-12-18,41603.71
2019-12-19,40655.37
2019-12-20,40832.99
2019-12-23,40008.28999999999
2019-12-24,40328.32
2019-12-26,41127.78999999999
2019-12-27,40848.53
2019-12-30,40887.619999999995
2019-12-31,40735.08
2020-01-01,41400
2020-01-02,42480.759999999995
2020-01-03,42323.3
2020-01-06,41296.24
2020-01-07,41904.47
2020-01-08,41357.56
2020-01-09,42523.07
2020-01-10,43207.05
2020-01-13,43218.67
2020-01-14,43207.04
2020-01-15,42993.03
2020-01-16,43065.1
2020-01-17,43167.77
2020-01-20,42747.63
2020-01-21,42626.48
2020-01-22,42561.27
2020-01-23,42506.950000000004
2020-01-24,42633.03
2020-01-27,42539.229999999996
2020-01-28,42299.189999999995
2020-01-29,41898.7
2020-01-30,41903.51
2020-01-31,41630.94
2020-02-03,40409.380000000005
2020-02-04,40884.25
2020-02-06,40724.41
2020-02-07,40143.63
2020-02-10,39296.7
2020-02-11,39714.46
2020-02-12,40531.13
2020-02-13,40455.44
2020-02-14,40243.259999999995
2020-02-17,40276.93
2020-02-18,40175.350000000006
2020-02-19,40574.52
2020-02-20,40481.65
2020-02-21,40249.219999999994
2020-02-24,39143.729999999996
2020-02-25,38858.450000000004
2020-02-26,38338.33
2020-02-27,38087.32
2020-02-28,37983.619999999995
2020-03-02,39296.3
2020-03-03,39199.68
2020-03-04,38906.4
2020-03-05,39382.11
2020-03-06,38219.67
2020-03-09,37058.950000000004
2020-03-10,37695.75
2020-03-11,37673.25
2020-03-12,35956.689999999995
2020-03-13,36060.880000000005
2020-03-16,33684.91
2020-03-17,32616.93
2020-03-18,30416.05
2020-03-19,30129.829999999998
2020-03-20,30667.41
2020-03-24,28564.829999999998
2020-03-25,27228.8
2020-03-26,27267.2
2020-03-27,28109.57
2020-03-30,28023.39
2020-03-31,29231.629999999997
2020-04-01,29505.57
2020-04-02,30782.66
2020-04-03,31621.79
2020-04-06,30579.149999999998
2020-04-07,31231.55
2020-04-08,30971.27
2020-04-09,31837.3
2020-04-10,32033.2
2020-04-13,31032.99
2020-04-14,31222.74
2020-04-15,31242.19
2020-04-16,31329.460000000003
2020-04-17,32831.83
2020-04-20,33499.65
2020-04-21,32422.829999999998
2020-04-22,32464.23
2020-04-23,32850.83
2020-04-24,32806.380000000005
2020-04-27,32314.57
2020-04-28,32553.39
2020-04-29,33158.840000000004
2020-04-30,34111.64
2020-05-04,33916.64
2020-05-05,33992.75
2020-05-06,33728.18
2020-05-07,33304.159999999996
2020-05-08,33267.689999999995
2020-05-11,33283.78999999999
2020-05-12,33603.02
2020-05-13,33693.04
2020-05-14,33804.9
2020-05-15,34008.33
2020-05-18,33804.97
2020-05-19,34158.55
2020-05-20,33932.810000000005
2020-05-21,33836.61
2020-05-28,33695.42
2020-05-29,33931.229999999996
2020-06-01,34021.97
2020-06-02,34408.05
2020-06-03,34401.42
2020-06-04,34119.39
2020-06-05,34350.42
2020-06-08,34749.57
2020-06-09,34803.6
2020-06-10,35065.08
2020-06-11,35128.58
2020-06-12,34611.229999999996
2020-06-15,33824.51
2020-06-16,34019.119999999995
2020-06-17,33848.68
2020-06-18,33539.850000000006
2020-06-19,33438.94
2020-06-22,33737.92
2020-06-23,34052.61
2020-06-24,34034.65
2020-06-25,33709.63
2020-06-26,33939.49
2020-06-29,34181.8
2020-06-30,34421.92
2020-07-01,34889.41
2020-07-02,34978.18
2020-07-03,35051.380000000005
2020-07-06,35202.77
2020-07-07,35373.350000000006
2020-07-08,35694.89
2020-07-09,36142.17
2020-07-10,36190.4
2020-07-13,36618.57
2020-07-14,36745.219999999994
2020-07-15,36679.03
2020-07-16,37001.44
2020-07-17,37330.850000000006
2020-07-20,37650.57
2020-07-21,37700.310000000005
2020-07-22,37804.61
2020-07-23,37578.21
2020-07-24,37607.619999999995
2020-07-27,38221.159999999996
2020-07-28,38627.27
2020-07-29,38836.27
2020-07-30,39258.44
2020-08-03,39871.61
2020-08-04,39577.619999999995
2020-08-05,39882.78
2020-08-06,40166.119999999995
2020-08-07,40029.689999999995
2020-08-10,39914.759999999995
2020-08-11,40559.15
2020-08-12,40473.18
2020-08-13,40290.74
2020-08-17,40122.5
2020-08-18,40184.01
2020-08-19,40154.11
2020-08-20,39868.55
2020-08-21,39621.59
2020-08-24,39802.6
2020-08-25,40292.82
2020-08-26,40862.59
2020-08-27,41081.94
2020-08-28,41056.219999999994
2020-08-31,41110.93
2020-09-01,41377.259999999995
2020-09-02,41834.850000000006
2020-09-03,42188.11
2020-09-04,42023
2020-09-07,42295.75
2020-09-08,41985.189999999995
2020-09-09,42022.25
2020-09-10,42647.350000000006
2020-09-11,42530.67
2020-09-14,42531.310000000005
2020-09-15,42346.42
2020-09-16,42282.28
2020-09-17,42334.759999999995
2020-09-18,42504.759999999995
2020-09-21,42174.13
2020-09-22,41828.91
2020-09-23,41876.259999999995
2020-09-24,41806.37
2020-09-25,41701.229999999996
2020-09-28,40740.950000000004
2020-09-29,41204.36
2020-09-30,40571.48
2020-10-01,40676.92
2020-10-02,40070.83
2020-10-05,39072.47
2020-10-06,39127.48
2020-10-07,39849.96
2020-10-08,40353.619999999995
2020-10-09,40798.43
2020-10-12,40209.82
2020-10-13,40006.67
2020-10-14,40144.28999999999
2020-10-15,40068.49
2020-10-16,40164.02
2020-10-19,40340.17
2020-10-20,40956.58
2020-10-21,41535.92
2020-10-22,41199.02
2020-10-23,41266
2020-10-26,41850.47
2020-10-27,41381.83
2020-10-28,41186.86
2020-10-29,39888
2020-11-02,39112.18
2020-11-03,40480.880000000005
2020-11-04,40281.96
2020-11-05,41071.3
2020-11-06,40731.61
2020-11-09,40784.04
2020-11-10,41153.05
2020-11-11,41197.32
2020-11-12,40564.55
2020-11-13,40569.350000000006
2020-11-16,40504.75
2020-11-17,40652.67
2020-11-18,40514.67
2020-11-19,40540.7
2020-11-20,40187.18
2020-11-23,39632.52
2020-11-24,39863.36
2020-11-25,40377.53
2020-11-26,41031.03
2020-11-27,40807.09
2020-11-30,41068.82
2020-12-01,41665.27
2020-12-02,42027.380000000005
2020-12-03,42047.719999999994
2020-12-04,42207
2020-12-07,42115.310000000005
2020-12-08,42101.78
2020-12-09,42204.03
2020-12-10,42305.840000000004
2020-12-11,42470.39
2020-12-14,43266.219999999994
2020-12-15,43250.840000000004
2020-12-16,43360.189999999995
2020-12-17,43766.689999999995
2020-12-18,43740.55
2020-12-21,43333.759999999995
2020-12-22,42906.94
2020-12-23,43087.7
2020-12-24,43416.77
2020-12-28,43674.28
2020-12-29,43282.27
2020-12-30,43694.759999999995
2020-12-31,43755.380000000005
2021-01-01,44434.8
2021-01-04,44686.46
2021-01-05,44650.43
2021-01-06,45153.42
2021-01-07,45344.54
2021-01-08,45654.340000000004
2021-01-11,45605.42
2021-01-12,45922.04
2021-01-13,46091.96
2021-01-14,45989.350000000006
2021-01-15,45931
2021-01-18,45726.68
2021-01-19,45903.229999999996
2021-01-20,45676.94
2021-01-21,45984.46
2021-01-22,45868.04
2021-01-25,46087.64
2021-01-26,46287.380000000005
2021-01-27,46458.13
2021-01-28,46166.05
2021-01-29,46385.54
2021-02-01,46248.450000000004
2021-02-02,46580.340000000004
2021-02-03,46933.63
2021-02-04,46905.78999999999
2021-02-08,46721.87
2021-02-09,46674.77
2021-02-10,46644.28999999999
2021-02-11,46055.52
2021-02-12,45808.36
2021-02-15,46375.59
2021-02-16,46867.950000000004
2021-02-17,46768.14
2021-02-18,46142.74
2021-02-19,46227.65
2021-02-22,45890.04
2021-02-23,45728.75
2021-02-24,45362.58
2021-02-25,45965.619999999995
2021-02-26,45865.02
2021-03-01,45593.43
2021-03-02,45964.27
2021-03-03,46160.78
2021-03-04,45278.53
2021-03-05,45837.350000000006
2021-03-08,45051.05
2021-03-09,44222.91
2021-03-10,43691.68
2021-03-11,42779.759999999995
2021-03-12,43788.08
2021-03-15,44766.59
2021-03-16,44857.06
2021-03-17,45450.310000000005
2021-03-18,44724.09
2021-03-19,44901.310000000005
2021-03-22,45407.33
2021-03-24,45544.189999999995
2021-03-25,45726.159999999996
2021-03-26,45521.63
2021-03-29,44431.8
2021-03-30,44491.03
2021-03-31,44587.850000000006
2021-04-01,44428.1
2021-04-02,44300.950000000004
2021-04-05,43548.21
2021-04-06,44404.7
2021-04-07,43953.58
2021-04-08,44741.36
2021-04-09,45186.48
2021-04-12,44978.05
2021-04-13,45048.57
2021-04-14,45311.219999999994
2021-04-15,45230.18
2021-04-16,45305.63
2021-04-19,44913.57
2021-04-20,45399.78
2021-04-21,45306.54
2021-04-22,44929.61
2021-04-23,44706.759999999995
2021-04-26,45682.77
2021-04-27,45292.87
2021-04-28,45059.119999999995
2021-04-29,44863.11
2021-04-30,44262.350000000006
2021-05-03,44076.2
2021-05-04,44563.59
2021-05-05,44943.61
2021-05-06,45174.67
2021-05-17,45796.310000000005
2021-05-18,45981.82
2021-05-19,45682.11
2021-05-20,45574.07
2021-05-21,45914.98
2021-05-24,46097.11
2021-05-25,46300.659999999996
2021-05-26,46812.310000000005
2021-05-27,46790.75
2021-05-28,47126.28999999999
2021-05-31,47896.340000000004
2021-06-01,48191.259999999995
2021-06-02,48126.9
2021-06-03,48093.53
2021-06-04,48211.7
2021-06-07,48302.659999999996
2021-06-08,48147.98
2021-06-09,47777.619999999995
2021-06-10,48251.49
2021-06-11,48304.719999999994
2021-06-14,48726.08
2021-06-15,48632.56
2021-06-16,48480.9
2021-06-17,48157.63
2021-06-18,48238.67
2021-06-21,48012.52
2021-06-22,47987.14
2021-06-23,47900.7
2021-06-24,47962.54
2021-06-25,47603.36
2021-06-28,47002.350000000006
2021-06-29,47137.77
2021-06-30,47356.02
2021-07-01,47800.57
2021-07-02,47686.18
2021-07-05,47429.119999999995
2021-07-06,47346.159999999996
2021-07-07,47247.92
2021-07-08,48053.17
2021-07-09,47563.450000000004
2021-07-12,47447.08
2021-07-13,47480.49
2021-07-14,47491.47
2021-07-15,47628.259999999995
2021-07-16,47834.33
2021-07-19,47873.259999999995
2021-07-23,47793.07
2021-07-26,47672.68
2021-07-27,47686.99
2021-07-28,47318.03
2021-07-29,47312.33
2021-07-30,47055.28999999999
2021-08-02,47453.25
2021-08-03,47758.32
2021-08-04,47789.880000000005
2021-08-05,47640.880000000005
2021-08-06,47489.950000000004
2021-08-09,47123.619999999995
2021-08-10,47135.48
2021-08-11,47377.380000000005
2021-08-12,47270.759999999995
2021-08-13,47169.840000000004
2021-08-16,46912.189999999995
2021-08-17,47258.450000000004
2021-08-20,47599.82
2021-08-23,48112.21
2021-08-24,47828.71
2021-08-25,47635.9
2021-08-26,47363.27
2021-08-27,47136.53
2021-08-30,47365.7
2021-08-31,47419.74
2021-09-01,47413.46
2021-09-02,46903.06
2021-09-03,46957.47
2021-09-06,46918.52
2021-09-07,46729.96
2021-09-08,46396.71
2021-09-09,46625.119999999995
2021-09-10,47198.28999999999
2021-09-13,47270.46
2021-09-14,46891.340000000004
2021-09-15,46716.719999999994
2021-09-16,46920.46
2021-09-17,46636.08
2021-09-20,46528.21
2021-09-21,46008.850000000006
2021-09-22,45597.24
2021-09-23,45296.880000000005
2021-09-24,45073.52
2021-09-27,44817.759999999995
2021-09-28,45274.93
2021-09-29,44366.74
2021-09-30,44899.6
2021-10-01,44871.7
2021-10-04,45044.5
2021-10-05,44666.57
2021-10-06,44373.229999999996
2021-10-07,44586.04
2021-10-08,44477.229999999996
2021-10-11,43829.350000000006
2021-10-12,43883.08
2021-10-13,43221.78
2021-10-14,44333.68
2021-10-15,44821.53
2021-10-18,44629.450000000004
2021-10-20,45499.46
2021-10-21,45821.4
2021-10-22,45578.36
2021-10-25,45419.17
2021-10-26,45227.8
2021-10-27,45791.92
2021-10-28,45946.09
2021-10-29,46184.71
2021-11-01,46974.78
2021-11-02,47112.92
2021-11-03,47032.44
2021-11-04,47219.18
2021-11-05,47295.8
2021-11-08,47115.04
2021-11-09,46399.91
2021-11-10,46629.880000000005
2021-11-11,46348.18
2021-11-12,45749.15
2021-11-15,45736.259999999995
2021-11-16,46542.91
2021-11-17,46194.42
2021-11-18,46110.5
2021-11-19,46489.41
2021-11-22,45745
2021-11-23,44948.52
2021-11-24,44363.7
2021-11-25,43935.75
2021-11-26,44114.159999999996
2021-11-29,45330.05
2021-11-30,45072.380000000005
2021-12-01,45369.14
2021-12-02,43234.15
2021-12-03,43232.83
2021-12-06,43280.77
2021-12-07,43853.49
2021-12-08,43846.87
2021-12-09,43518.840000000004
2021-12-10,43395.78
2021-12-13,42876.37
2021-12-14,43246.71
2021-12-15,44366.86
2021-12-16,43731.2
2021-12-17,43900.68
2021-12-20,44339.950000000004
2021-12-21,44177.07
2021-12-22,44174.97
2021-12-23,44266.9
2021-12-24,44118.39
2021-12-27,43913.44
2021-12-28,44043.74
2021-12-29,44260.11
2021-12-30,44416.2
2021-12-31,44596.07
2022-01-03,44886.89
2022-01-04,45390.840000000004
2022-01-05,45407.89
2022-01-06,45082.3
2022-01-07,45345.65
2022-01-10,45887.63
2022-01-11,45881.13
2022-01-12,45916.25
2022-01-13,45763.2
2022-01-14,45763.450000000004
2022-01-17,45612.2
2022-01-18,45507.41
2022-01-19,44833.43
2022-01-20,44825.97
2022-01-21,45018.28
2022-01-24,44923.91
2022-01-25,44887.77
2022-01-26,44955.05
2022-01-27,45083.04
2022-01-28,45077.91
2022-01-31,45374.68
2022-02-01,45674.5
2022-02-02,46119.15
2022-02-03,45862.93
2022-02-04,45909.65
2022-02-07,45841.25
2022-02-08,45947.950000000004
2022-02-09,46339.759999999995
2022-02-10,45940.04
2022-02-11,46079.37
2022-02-14,45644.09
2022-02-15,45731.7
2022-02-16,45684.8
2022-02-17,45441.1
2022-02-18,45675.87
2022-02-21,45362.850000000006
2022-02-22,45012.18
2022-02-23,45132.92
2022-02-24,43830.51
2022-02-25,43984.24
2022-02-28,44461.01
2022-03-01,44803.58
2022-03-02,44514.119999999995
2022-03-03,44525.719999999994
2022-03-04,44551.350000000006
2022-03-07,43266.97
2022-03-08,42878.350000000006
2022-03-09,43042.96
2022-03-10,43853.619999999995
2022-03-11,43653.33
2022-03-14,43366.89
2022-03-15,43719.82
2022-03-16,43975.689999999995
2022-03-17,43807.229999999996
2022-03-18,43029.97
2022-03-21,43230.219999999994
2022-03-22,43203.78999999999
2022-03-24,43522.55
2022-03-25,43551.14
2022-03-28,43933.56
2022-03-29,44438.7
2022-03-30,44337.56
2022-03-31,44928.83
2022-04-01,45152.11
2022-04-04,43902.04
2022-04-05,43928.08
2022-04-06,44111.1
2022-04-07,43786.83
2022-04-08,44444.58
2022-04-11,46144.96
2022-04-12,46407.259999999995
2022-04-13,46165.5
2022-04-14,46484.43
2022-04-15,46601.54
2022-04-18,46539.59
2022-04-19,46333.36
2022-04-20,45943.159999999996
2022-04-21,45652.619999999995
2022-04-22,45553.02
2022-04-25,46073.25
2022-04-26,45817.67
2022-04-27,45533.3
2022-04-28,45249.41
2022-05-06,44840.810000000005
2022-05-09,43393.14
2022-05-10,43504.36
2022-05-11,42863.15
2022-05-12,42898.44
2022-05-13,43486.46
2022-05-16,42667.32
2022-05-17,42726.06
2022-05-18,43026.880000000005
2022-05-19,42983.450000000004
2022-05-20,43100.7
2022-05-23,42440.25
2022-05-24,41950.32
2022-05-25,42012.659999999996
2022-05-26,42541.71
2022-05-27,42861.450000000004
2022-05-30,43040.14
2022-05-31,43078.14
2022-06-01,42756.04
2022-06-02,42237.91
2022-06-03,41314.880000000005
2022-06-06,41577.21
2022-06-07,41568.41
2022-06-08,41553.159999999996
2022-06-09,41735.96
2022-06-10,42014.729999999996
2022-06-13,40879.93
2022-06-14,41054.68
2022-06-15,41438.78999999999
2022-06-16,41730.159999999996
2022-06-17,42140.759999999995
2022-06-20,41776.98
2022-06-21,42525.950000000004
2022-06-22,42458.14
2022-06-23,42716.97
2022-06-24,41051.78999999999
2022-06-27,41878.57
2022-06-28,41765.619999999995
2022-06-29,41297.729999999996
2022-06-30,41540.83
2022-07-01,41630.350000000006
2022-07-04,41348.189999999995
2022-07-05,41102.57
2022-07-06,41159.78999999999
2022-07-07,41344.01
2022-07-13,41862.77
2022-07-14,42348.91
2022-07-15,42074.91
2022-07-18,41367.11
2022-07-19,40389.07
2022-07-20,40459.7
2022-07-21,39831.75
2022-07-22,40077.3
2022-07-25,39844.02
2022-07-26,39894.05
2022-07-27,39972.64
2022-07-28,40276.64
2022-07-29,40150.36
2022-08-01,40075.96
2022-08-02,40191.61
2022-08-03,41068.87
2022-08-04,41425.350000000006
2022-08-05,42096.24
2022-08-10,42494.850000000006
2022-08-11,42243.33
2022-08-12,42857.57
2022-08-15,43621.82
2022-08-16,43436.48
2022-08-17,43676.56
2022-08-18,43481.5
2022-08-19,43270.65
2022-08-22,42826.659999999996
2022-08-23,43366.78
2022-08-24,43337.97
2022-08-25,43032.57
2022-08-26,42591.51
2022-08-29,42504.340000000004
2022-08-30,42195.25
2022-08-31,42351.15
2022-09-01,42460.08
2022-09-02,42309.11
2022-09-05,41859.3
2022-09-06,41860.36
2022-09-07,41766.05
2022-09-08,41824.78999999999
2022-09-09,41948.159999999996
2022-09-12,41862.28999999999
2022-09-13,42001.340000000004
2022-09-14,42011.82
2022-09-15,41772.09
2022-09-16,41679.49
2022-09-19,41520.59
2022-09-20,41220.91
2022-09-21,40965.58
2022-09-22,40927.950000000004
2022-09-23,40620.21
2022-09-26,41151.54
2022-09-27,41518.229999999996
2022-09-28,41435.13
2022-09-29,41013.86
2022-09-30,41128.67
2022-10-03,41211.7
2022-10-04,41350.43
2022-10-05,41611.42
2022-10-06,42160.57
2022-10-07,42085.25
2022-10-10,42211.64
2022-10-11,42155.48
2022-10-12,42007.14
2022-10-13,42085.719999999994
2022-10-14,41948.5
2022-10-17,41755.450000000004
2022-10-18,41839.259999999995
2022-10-19,42226.05
2022-10-20,42137.04
2022-10-21,42213.48
2022-10-24,42347.229999999996
2022-10-25,42190.02
2022-10-26,41540.03
2022-10-27,41602.850000000006
2022-10-28,41140.33
2022-10-31,41264.659999999996
2022-11-01,41808.689999999995
2022-11-02,41944.59
2022-11-03,42090.71
2022-11-04,41856.310000000005
2022-11-07,42047.36
2022-11-08,42265.36
2022-11-10,42901.27
2022-11-11,43092.950000000004
2022-11-14,42850.83
2022-11-15,42796.850000000006
2022-11-16,42983.75
2022-11-17,42819.719999999994
2022-11-18,42730.24
2022-11-21,42761.189999999995
2022-11-22,42928.619999999995
2022-11-23,42880.310000000005
2022-11-24,42903.65
2022-11-25,42936.729999999996
2022-11-28,42071.340000000004
2022-11-29,42373.59
2022-11-30,42348.63
2022-12-01,42393.52
2022-12-02,42150.1
2022-12-05,41612.67
2022-12-06,41539.94
2022-12-07,41819.28999999999
2022-12-08,41651.61
2022-12-09,41698.28
2022-12-12,41540.55
2022-12-13,41714.3
2022-12-14,41737.619999999995
2022-12-15,41179.759999999995
2022-12-16,41301.48
2022-12-19,40970.82
2022-12-20,39832.450000000004
2022-12-21,39342.89
2022-12-22,39838.33
2022-12-23,39669.2
2022-12-26,40155.159999999996
2022-12-27,39802.91
2022-12-28,39279.43
2022-12-29,39747.350000000006
2022-12-30,40420.450000000004
2023-01-02,40815.9
2023-01-03,40630.64
2023-01-04,40539.3
2023-01-05,40716.74
2023-01-06,41007.52
2023-01-09,40504.759999999995
2023-01-10,40801.5
2023-01-11,40758.2
2023-01-12,40803.89
2023-01-13,40323.450000000004
2023-01-16,39720.75
2023-01-17,38342.21
2023-01-18,38791.09
2023-01-19,38831.58
2023-01-20,38407.98
2023-01-23,38443.59
2023-01-24,39055.65
2023-01-25,39784.9
2023-01-26,40846.53
2023-01-27,40450.53
2023-01-30,39871.27
2023-01-31,40673.06
2023-02-01,40619.94
2023-02-02,40733.51
2023-02-03,40471.159999999996
2023-02-06,41190.77
2023-02-07,41522.759999999995
2023-02-08,41723.32
2023-02-09,42466.59
2023-02-10,41741.78
2023-02-13,41716.950000000004
2023-02-14,41150.159999999996
2023-02-15,41326.850000000006
2023-02-16,41078.65
2023-02-17,41118.61
2023-02-20,40673.64
2023-02-21,40949.840000000004
2023-02-22,41167.6
2023-02-23,40838.51
2023-02-24,40707.759999999995
2023-02-27,40784.13
2023-02-28,40510.37
2023-03-01,40412.77
2023-03-02,40670.880000000005
2023-03-03,41337
2023-03-06,41434.33
2023-03-07,41334.689999999995
2023-03-08,41358.93
2023-03-09,41585.54
2023-03-10,41793.87
2023-03-13,41856.850000000006
2023-03-14,41816.43
2023-03-15,41874.04
2023-03-16,41694.09
2023-03-17,41329.950000000004
2023-03-20,40918.450000000004
2023-03-21,40877.98
2023-03-22,40376.1
2023-03-24,39942.05
2023-03-27,40000.37
2023-03-28,40082.37
2023-03-29,39879.89
2023-03-30,39848.350000000006
2023-03-31,40000.83
2023-04-03,39889.9
2023-04-04,39687.259999999995
2023-04-05,39717.15
2023-04-06,40350.89
2023-04-07,40049.65
2023-04-10,39835.9
2023-04-11,39804.71
2023-04-12,40126.05
2023-04-13,40205.54
2023-04-17,40246.659999999996
2023-04-18,40448.05
2023-04-19,40499.340000000004
2023-04-20,41007.82
2023-04-26,41099.58
2023-04-27,41463.91
2023-04-28,41580.850000000006
2023-05-02,41927.64
2023-05-03,42087.93
2023-05-04,42093.8
2023-05-05,42241.98
2023-05-08,41829.49
2023-05-09,41373.810000000005
2023-05-10,41074.950000000004
2023-05-11,41325.63
2023-05-12,41487.58
2023-05-15,41718.43
2023-05-16,42006.24
2023-05-17,41833.659999999996
2023-05-18,41472.189999999995
2023-05-19,41599.18
2023-05-22,41195.06
2023-05-23,41099.3
2023-05-24,41117.32
2023-05-25,41029.67
2023-05-26,40964.54
2023-05-29,41340.06
2023-05-30,41671.65
2023-05-31,41330.56
2023-06-01,41266.77
2023-06-02,41352.98
2023-06-05,41667.94
2023-06-06,41923.46
2023-06-07,42142.71
2023-06-08,41686.46
2023-06-09,41904.2
2023-06-12,41782.92
2023-06-13,41538.719999999994
2023-06-14,41514.44
2023-06-15,41369.159999999996
2023-06-16,41301.28999999999
2023-06-19,40621.21
2023-06-20,40653.03
2023-06-21,40220.78999999999
2023-06-22,40152.05
2023-06-23,40065.32
2023-06-26,41437.1
2023-06-27,41452.68
2023-07-03,43899
2023-07-04,43557.01
2023-07-05,43552.83
2023-07-06,44178.850000000006
2023-07-07,44207.310000000005
2023-07-10,44585.119999999995
2023-07-11,45155.78999999999
2023-07-12,45514.950000000004
2023-07-13,45266.96
2023-07-14,45067.98
2023-07-17,45042.61
2023-07-18,45009.33
2023-07-19,45095.11
2023-07-20,45398.310000000005
2023-07-21,45920.729999999996
2023-07-24,46054.810000000005
2023-07-25,46417.340000000004
2023-07-26,46682.52
2023-07-27,47076.99
2023-07-31,48034.59
2023-08-01,48230.5
2023-08-02,48764.55
2023-08-03,48611.18
2023-08-04,48585.71
2023-08-07,48386.25
2023-08-08,47429.82
2023-08-09,48227.6
2023-08-10,47808.340000000004
2023-08-11,48424.4
2023-08-15,48565.75
2023-08-16,48146.43
2023-08-17,48325.840000000004
2023-08-18,48218.49
2023-08-21,47447.950000000004
2023-08-22,47417.9
2023-08-23,47418.63
2023-08-24,47750.759999999995
2023-08-25,47671.21
2023-08-28,47478.61
2023-08-29,46770.41
2023-08-30,46244.55
2023-08-31,45002.41
2023-09-01,45312.65
2023-09-04,45707.42
2023-09-05,45491.48
2023-09-06,45807.57
2023-09-07,45757.229999999996
2023-09-08,46013.48
2023-09-11,45865.729999999996
2023-09-12,45508.39
2023-09-13,45590.92
2023-09-14,45650.05
2023-09-15,45753.51
2023-09-18,45803.189999999995
2023-09-19,45910.46
2023-09-20,45889.57
2023-09-21,46202.119999999995
2023-09-22,46421.15
2023-09-25,46393.67
2023-09-26,46277.65
2023-09-27,46365.04
2023-09-28,46232.59
2023-10-02,46627.08
2023-10-03,46756.8
2023-10-04,47079.83
2023-10-05,47452.380000000005
2023-10-06,47493.57
2023-10-09,47721.78999999999
2023-10-10,48140.27
2023-10-11,48474.54
2023-10-12,48771.71
2023-10-13,49493.47
2023-10-16,49731.350000000006
2023-10-17,49531.01
2023-10-18,49431.47
2023-10-19,50365.15
2023-10-20,50731.86
2023-10-23,51070.82
2023-10-24,51027.94
2023-10-25,51177.13
2023-10-26,51185.28
2023-10-27,50943.83
2023-10-30,51482.92
2023-10-31,51920.27
2023-11-01,52342.63
2023-11-02,52656.759999999995
2023-11-03,53123.03
2023-11-06,53860.36
2023-11-07,53735.729999999996
2023-11-08,54261.42
2023-11-10,55391.36
2023-11-13,56523.58
2023-11-14,56665.93
2023-11-15,56680.06
2023-11-16,57397.02
2023-11-17,57063.15
2023-11-20,57077.96
2023-11-21,57371.58
2023-11-22,58198.759999999995
2023-11-23,58899.840000000004
2023-11-24,59086.350000000006
2023-11-27,59811.340000000004
2023-11-28,60730.259999999995
2023-11-29,60501.99
2023-11-30,60531.27
2023-12-01,61691.25
2023-12-04,62493.05
2023-12-05,62956.02
2023-12-06,63917.719999999994
2023-12-07,64718.07
2023-12-08,66223.63
2023-12-11,66012.32
2023-12-12,66426.78
2023-12-13,65280.159999999996
2023-12-14,65450.18
2023-12-15,66130.02
2023-12-18,65204.67
2023-12-19,62833.03
2023-12-20,62448.01
2023-12-21,62693.56
2023-12-22,61705.09
2023-12-26,59170.97
2023-12-27,60863.619999999995
2023-12-28,62052.229999999996
2023-12-29,62451.04
2024-01-01,64661.78
2024-01-02,64349.6
2024-01-03,64646.840000000004
2024-01-04,64639.15
2024-01-05,64514.89
2024-01-07,78824.33
2024-01-08,64237.02
2024-01-09,64170.57
2024-01-10,63919.840000000004
2024-01-11,64617.56
2024-01-12,64637.63
2024-01-15,64269.37
2024-01-16,63737.46
2024-01-17,63567.33
2024-01-18,63202.4
2024-01-19,63282.219999999994
2024-01-22,63939.41
2024-01-23,64454.219999999994
2024-01-24,64822.43
2024-01-25,64298
2024-01-26,63813.06
2024-01-29,62773.719999999994
2024-01-30,61841.74
2024-01-31,61979.18
2024-02-01,62393.729999999996
2024-02-02,63002.91
2024-02-06,63799.01
2024-02-07,64143.87
2024-02-09,62943.74
2024-02-12,61065.310000000005
2024-02-13,61226.92
2024-02-14,62153.840000000004
2024-02-15,61020.05
2024-02-16,59872.96
2024-02-19,60459.74
2024-02-20,60464.24
2024-02-21,61559.15
2024-02-22,61914.340000000004
2024-02-23,62815.810000000005
2024-02-26,63305.93
2024-02-27,63219.09
2024-02-28,63703.44
2024-02-29,64578.52
2024-03-01,65325.68
2024-03-04,65951.72
2024-03-05,65726.04
2024-03-06,65656.62000000001
2024-03-07,65603.08
2024-03-08,65793.75
2024-03-11,65755.3
2024-03-12,64801.7
2024-03-13,64048.44
2024-03-14,65064.259999999995
2024-03-15,64816.46
2024-03-18,64890.5
2024-03-19,65502.59
2024-03-20,65731.79
2024-03-21,65417.4
2024-03-22,65151.82
2024-03-25,65525.64
2024-03-26,65906.27
2024-03-27,66547.78
2024-03-28,67142.12000000001
2024-03-29,67005.1
2024-04-01,66796.32
2024-04-02,66886.26
2024-04-03,67756.03
2024-04-04,68416.78
2024-04-08,69619.98
2024-04-09,70314.70999999999
2024-04-15,70544.58
2024-04-16,70483.66
2024-04-17,70333.31
2024-04-18,70290.11
2024-04-19,70909.9
2024-04-22,71433.45999999999
2024-04-23,71359.40999999999
2024-04-24,72051.89
2024-04-25,71971.4
2024-04-26,72742.73999999999
2024-04-29,71695.03
2024-04-30,71102.54
2024-05-02,70657.64
2024-05-03,71902.09
2024-05-06,72764.23999999999
2024-05-07,72761.19
2024-05-08,72601.81
2024-05-09,72658.05
2024-05-10,73085.5
2024-05-13,73799.11
2024-05-14,74531.19
2024-05-15,74663.98
2024-05-16,74930.69
2024-05-17,75342.34
2024-05-20,75084
2024-05-21,75206.77
2024-05-22,74956.67000000001
2024-05-23,75114.47
2024-05-24,75983.03
2024-05-27,75517.48
2024-05-29,74836.3
2024-05-30,74878.12000000001
2024-05-31,75878.47
2024-06-03,75575.25
2024-06-04,74666.65000000001
2024-06-05,74219.43
2024-06-06,73862.93
2024-06-07,73754.01
2024-06-10,73252.56
2024-06-11,72589.48999999999
2024-06-12,72797.43
2024-06-13,76208.16
2024-06-14,76706.77
2024-06-20,78801.53
2024-06-21,78810.48999999999
2024-06-24,78232.09
2024-06-25,77940.58
2024-06-26,78275.64
2024-06-27,78528.25
2024-06-28,78444.95999999999
2024-07-01,78824.33
2024-07-02,79552.88
2024-07-03,80233.67000000001
2024-07-04,80282.8
2024-07-05,80212.79
2024-07-08,80566.2
2024-07-09,80672.06
2024-07-10,79841.55
2024-07-11,79992.35
2024-07-12,79944.09
2024-07-15,81155.6
2024-07-18,81839.86
2024-07-19,80117.89
2024-07-22,78539.18000000001
2024-07-23,78987.09
2024-07-24,79397
2024-07-25,78469.33
2024-07-26,78029.5
2024-07-29,78827.73999999999
2024-07-30,78628.8
2024-07-31,77886.98
2024-08-01,77740.3
2024-08-02,78225.98
